Entity,Code,Year,Inbound arrivals (same day)
Albania,ALB,2007,65000
Albania,ALB,2008,83000
Albania,ALB,2009,64000
Albania,ALB,2010,52000
Albania,ALB,2011,67000
Albania,ALB,2012,71000
Albania,ALB,2013,220000
Albania,ALB,2014,127000
Albania,ALB,2015,162000
Albania,ALB,2016,507000
Albania,ALB,2017,293000
Albania,ALB,2018,587000
Albania,ALB,2019,278000
Albania,ALB,2020,54000
Albania,ALB,2021,174000
American Samoa,ASM,2010,17200
American Samoa,ASM,2011,18700
American Samoa,ASM,2012,27600
American Samoa,ASM,2013,28500
American Samoa,ASM,2014,30000
American Samoa,ASM,2015,26800
American Samoa,ASM,2016,18200
American Samoa,ASM,2017,22300
American Samoa,ASM,2018,31600
American Samoa,ASM,2019,39400
Andorra,AND,1999,7075000
Andorra,AND,2000,8042000
Andorra,AND,2001,7835000
Andorra,AND,2002,8120000
Andorra,AND,2003,8463000
Andorra,AND,2004,8877000
Andorra,AND,2005,8631000
Andorra,AND,2006,8510000
Andorra,AND,2007,8554000
Andorra,AND,2008,8134000
Andorra,AND,2009,7282000
Andorra,AND,2010,6743000
Andorra,AND,2011,5741000
Andorra,AND,2012,5663000
Andorra,AND,2013,5348000
Andorra,AND,2014,5433000
Andorra,AND,2015,5187000
Andorra,AND,2016,5206000
Andorra,AND,2017,5149000
Andorra,AND,2018,5286000
Andorra,AND,2019,5145000
Andorra,AND,2020,3335000
Andorra,AND,2021,3473000
Anguilla,AIA,1995,68000
Anguilla,AIA,1996,49000
Anguilla,AIA,1997,71000
Anguilla,AIA,1998,70000
Anguilla,AIA,1999,60000
Anguilla,AIA,2000,68000
Anguilla,AIA,2001,57000
Anguilla,AIA,2002,67000
Anguilla,AIA,2003,62000
Anguilla,AIA,2004,67000
Anguilla,AIA,2005,81000
Anguilla,AIA,2006,94000
Anguilla,AIA,2007,86000
Anguilla,AIA,2008,60000
Anguilla,AIA,2009,54000
Anguilla,AIA,2010,56000
Anguilla,AIA,2011,58000
Anguilla,AIA,2012,64000
Anguilla,AIA,2013,82000
Anguilla,AIA,2014,106000
Anguilla,AIA,2015,113000
Anguilla,AIA,2016,97000
Anguilla,AIA,2017,82400
Anguilla,AIA,2018,33000
Anguilla,AIA,2019,71000
Anguilla,AIA,2020,15700
Anguilla,AIA,2021,300
Antigua and Barbuda,ATG,1995,227000
Antigua and Barbuda,ATG,1996,270000
Antigua and Barbuda,ATG,1997,286000
Antigua and Barbuda,ATG,1998,336000
Antigua and Barbuda,ATG,1999,328000
Antigua and Barbuda,ATG,2000,427000
Antigua and Barbuda,ATG,2001,409000
Antigua and Barbuda,ATG,2002,310000
Antigua and Barbuda,ATG,2003,384000
Antigua and Barbuda,ATG,2004,523000
Antigua and Barbuda,ATG,2005,467000
Antigua and Barbuda,ATG,2006,584000
Antigua and Barbuda,ATG,2007,673000
Antigua and Barbuda,ATG,2008,597000
Antigua and Barbuda,ATG,2009,710000
Antigua and Barbuda,ATG,2010,558000
Antigua and Barbuda,ATG,2011,606500
Antigua and Barbuda,ATG,2012,572000
Antigua and Barbuda,ATG,2013,534000
Antigua and Barbuda,ATG,2014,522000
Antigua and Barbuda,ATG,2015,644000
Antigua and Barbuda,ATG,2016,609000
Antigua and Barbuda,ATG,2017,793000
Antigua and Barbuda,ATG,2018,795000
Antigua and Barbuda,ATG,2019,734000
Antigua and Barbuda,ATG,2020,151000
Antigua and Barbuda,ATG,2021,80600
Argentina,ARG,2016,3318000
Argentina,ARG,2017,3253000
Argentina,ARG,2018,3452000
Argentina,ARG,2019,3732000
Argentina,ARG,2020,1007000
Argentina,ARG,2021,163000
Aruba,ABW,1995,293000
Aruba,ABW,1996,316000
Aruba,ABW,1997,297000
Aruba,ABW,1998,259000
Aruba,ABW,1999,289000
Aruba,ABW,2000,490000
Aruba,ABW,2001,487000
Aruba,ABW,2002,582000
Aruba,ABW,2003,542000
Aruba,ABW,2004,576000
Aruba,ABW,2005,553000
Aruba,ABW,2006,591000
Aruba,ABW,2007,482000
Aruba,ABW,2008,556000
Aruba,ABW,2009,607000
Aruba,ABW,2010,570000
Aruba,ABW,2011,600000
Aruba,ABW,2012,577000
Aruba,ABW,2013,688000
Aruba,ABW,2014,667000
Aruba,ABW,2015,607000
Aruba,ABW,2016,656000
Aruba,ABW,2017,792400
Aruba,ABW,2018,815000
Aruba,ABW,2019,832000
Australia,AUS,1998,342000
Australia,AUS,1999,34000
Australia,AUS,2000,37000
Australia,AUS,2001,41000
Australia,AUS,2002,43000
Australia,AUS,2003,30000
Australia,AUS,2004,23000
Australia,AUS,2005,26000
Australia,AUS,2006,35000
Azerbaijan,AZE,2002,258000
Azerbaijan,AZE,2003,270000
Azerbaijan,AZE,2004,290000
Azerbaijan,AZE,2005,484000
Azerbaijan,AZE,2006,512000
Azerbaijan,AZE,2007,601000
Azerbaijan,AZE,2008,856000
Azerbaijan,AZE,2009,825000
Azerbaijan,AZE,2010,683000
Azerbaijan,AZE,2011,677000
Azerbaijan,AZE,2012,498000
Azerbaijan,AZE,2013,379000
Azerbaijan,AZE,2014,138000
Azerbaijan,AZE,2015,84000
Azerbaijan,AZE,2016,204000
Azerbaijan,AZE,2017,243000
Azerbaijan,AZE,2018,216000
Azerbaijan,AZE,2019,294000
Azerbaijan,AZE,2020,209000
Bahamas,BHS,1995,1640000
Bahamas,BHS,1996,1785000
Bahamas,BHS,1997,1828000
Bahamas,BHS,1998,1820000
Bahamas,BHS,1999,2071000
Bahamas,BHS,2000,2660000
Bahamas,BHS,2001,2645000
Bahamas,BHS,2002,2893000
Bahamas,BHS,2003,3089000
Bahamas,BHS,2004,3443000
Bahamas,BHS,2005,3154000
Bahamas,BHS,2006,3118000
Bahamas,BHS,2007,3063000
Bahamas,BHS,2008,2925000
Bahamas,BHS,2009,3309000
Bahamas,BHS,2010,3877000
Bahamas,BHS,2011,4233000
Bahamas,BHS,2012,4509000
Bahamas,BHS,2013,4774000
Bahamas,BHS,2014,4876000
Bahamas,BHS,2015,4616000
Bahamas,BHS,2016,4766000
Bahamas,BHS,2017,4684000
Bahamas,BHS,2018,4990000
Bahamas,BHS,2019,5444000
Bahamas,BHS,2020,1354000
Bahamas,BHS,2021,1210000
Bahrain,BHR,1995,915000
Bahrain,BHR,1996,787000
Bahrain,BHR,1997,989000
Bahrain,BHR,1998,1258000
Bahrain,BHR,1999,1261000
Bahrain,BHR,2000,1449000
Bahrain,BHR,2001,1599000
Bahrain,BHR,2002,1664000
Bahrain,BHR,2003,1889000
Bahrain,BHR,2004,2153000
Bahrain,BHR,2005,2399000
Bahrain,BHR,2006,2770000
Bahrain,BHR,2007,2898000
Bahrain,BHR,2015,5706000
Bahrain,BHR,2016,6168000
Bahrain,BHR,2017,7001000
Bahrain,BHR,2018,7678000
Bahrain,BHR,2019,7212000
Bahrain,BHR,2020,1082000
Bahrain,BHR,2021,1430000
Barbados,BRB,1995,485000
Barbados,BRB,1996,510000
Barbados,BRB,1997,518000
Barbados,BRB,1998,507000
Barbados,BRB,1999,433000
Barbados,BRB,2000,533000
Barbados,BRB,2001,528000
Barbados,BRB,2002,523000
Barbados,BRB,2003,559000
Barbados,BRB,2004,721000
Barbados,BRB,2005,563000
Barbados,BRB,2006,539000
Barbados,BRB,2007,616000
Barbados,BRB,2008,597000
Barbados,BRB,2009,635000
Barbados,BRB,2010,665000
Barbados,BRB,2011,619000
Barbados,BRB,2012,517000
Barbados,BRB,2013,570000
Barbados,BRB,2014,558000
Barbados,BRB,2015,587000
Barbados,BRB,2016,595000
Barbados,BRB,2017,681000
Barbados,BRB,2018,676000
Barbados,BRB,2019,443000
Barbados,BRB,2020,338400
Barbados,BRB,2021,96000
Belarus,BLR,2015,175000
Belarus,BLR,2016,96000
Belarus,BLR,2017,136000
Belarus,BLR,2018,198000
Belarus,BLR,2019,228000
Belarus,BLR,2020,47000
Belarus,BLR,2021,27000
Belize,BLZ,1995,211000
Belize,BLZ,1996,216000
Belize,BLZ,1997,159000
Belize,BLZ,1998,124000
Belize,BLZ,1999,159000
Belize,BLZ,2000,178000
Belize,BLZ,2001,189000
Belize,BLZ,2002,494000
Belize,BLZ,2003,778000
Belize,BLZ,2004,1098000
Belize,BLZ,2005,800000
Belize,BLZ,2006,656000
Belize,BLZ,2007,629000
Belize,BLZ,2008,601000
Belize,BLZ,2009,709000
Belize,BLZ,2010,812000
Belize,BLZ,2011,856000
Belize,BLZ,2012,751000
Belize,BLZ,2013,728000
Belize,BLZ,2014,968000
Belize,BLZ,2015,958000
Belize,BLZ,2016,1005000
Belize,BLZ,2017,1014000
Belize,BLZ,2018,1208000
Belize,BLZ,2019,1171000
Belize,BLZ,2020,343100
Belize,BLZ,2021,218000
Benin,BEN,2011,11000
Benin,BEN,2012,12000
Benin,BEN,2013,21000
Benin,BEN,2014,23000
Benin,BEN,2015,24000
Benin,BEN,2016,25000
Benin,BEN,2017,26000
Benin,BEN,2018,27000
Benin,BEN,2019,28000
Benin,BEN,2020,29000
Bermuda,BMU,1995,170000
Bermuda,BMU,1996,182000
Bermuda,BMU,1997,182000
Bermuda,BMU,1998,188000
Bermuda,BMU,1999,194000
Bermuda,BMU,2000,207000
Bermuda,BMU,2001,180000
Bermuda,BMU,2002,200000
Bermuda,BMU,2003,226000
Bermuda,BMU,2004,206000
Bermuda,BMU,2005,247000
Bermuda,BMU,2006,336000
Bermuda,BMU,2007,354000
Bermuda,BMU,2008,286000
Bermuda,BMU,2009,318000
Bermuda,BMU,2010,348000
Bermuda,BMU,2011,416000
Bermuda,BMU,2012,378000
Bermuda,BMU,2013,340000
Bermuda,BMU,2014,356000
Bermuda,BMU,2015,377000
Bermuda,BMU,2016,398000
Bermuda,BMU,2017,418000
Bermuda,BMU,2018,484000
Bermuda,BMU,2019,536000
Bermuda,BMU,2020,9300
Bermuda,BMU,2021,12600
Botswana,BWA,1995,115000
Botswana,BWA,1996,144000
Botswana,BWA,1997,158000
Botswana,BWA,1998,190000
Botswana,BWA,1999,196000
Botswana,BWA,2000,202000
Botswana,BWA,2001,257000
Botswana,BWA,2002,211000
Botswana,BWA,2003,187000
Botswana,BWA,2004,204000
Botswana,BWA,2005,210000
Botswana,BWA,2006,216000
Botswana,BWA,2007,229000
Botswana,BWA,2008,243000
Botswana,BWA,2015,132000
Botswana,BWA,2016,138000
Botswana,BWA,2017,152000
Botswana,BWA,2018,176000
Botswana,BWA,2020,29700
British Virgin Islands,VGB,1995,146000
British Virgin Islands,VGB,1996,168000
British Virgin Islands,VGB,1997,121000
British Virgin Islands,VGB,1998,113000
British Virgin Islands,VGB,1999,200000
British Virgin Islands,VGB,2000,247000
British Virgin Islands,VGB,2001,239000
British Virgin Islands,VGB,2002,262000
British Virgin Islands,VGB,2003,336000
British Virgin Islands,VGB,2004,509000
British Virgin Islands,VGB,2005,483000
British Virgin Islands,VGB,2006,469000
British Virgin Islands,VGB,2007,590000
British Virgin Islands,VGB,2008,588000
British Virgin Islands,VGB,2009,548000
British Virgin Islands,VGB,2010,512000
British Virgin Islands,VGB,2011,493000
British Virgin Islands,VGB,2012,402000
British Virgin Islands,VGB,2013,375700
British Virgin Islands,VGB,2014,386500
British Virgin Islands,VGB,2015,529000
British Virgin Islands,VGB,2016,717000
British Virgin Islands,VGB,2019,592500
Brunei,BRN,2016,25000
Brunei,BRN,2017,11000
Brunei,BRN,2018,19000
Brunei,BRN,2019,15000
Brunei,BRN,2020,1500
Bulgaria,BGR,1995,4539000
Bulgaria,BGR,1996,4016000
Bulgaria,BGR,1997,4563000
Bulgaria,BGR,1998,2573000
Bulgaria,BGR,1999,2584000
Bulgaria,BGR,2000,2137000
Bulgaria,BGR,2001,1918000
Bulgaria,BGR,2002,2130000
Bulgaria,BGR,2003,2193000
Bulgaria,BGR,2004,2352000
Bulgaria,BGR,2005,2445000
Bulgaria,BGR,2006,2341000
Bulgaria,BGR,2007,2574000
Bulgaria,BGR,2008,2753000
Bulgaria,BGR,2009,2134000
Bulgaria,BGR,2010,2327000
Bulgaria,BGR,2011,2385000
Bulgaria,BGR,2012,2326000
Bulgaria,BGR,2013,2294000
Bulgaria,BGR,2014,2098000
Bulgaria,BGR,2015,2218000
Bulgaria,BGR,2016,2352000
Bulgaria,BGR,2017,2713000
Bulgaria,BGR,2018,3095000
Bulgaria,BGR,2019,4777000
Bulgaria,BGR,2020,3683000
Bulgaria,BGR,2021,4888000
Cameroon,CMR,2008,7000
Cameroon,CMR,2009,3000
Cameroon,CMR,2010,4000
Cameroon,CMR,2011,4000
Cameroon,CMR,2012,5000
Canada,CAN,1995,24725000
Canada,CAN,1996,25971000
Canada,CAN,1997,27407000
Canada,CAN,1998,29194000
Canada,CAN,1999,29644000
Canada,CAN,2000,29011000
Canada,CAN,2001,27468000
Canada,CAN,2002,24839000
Canada,CAN,2003,21369000
Canada,CAN,2004,19700000
Canada,CAN,2005,17389000
Canada,CAN,2006,15125000
Canada,CAN,2007,12438000
Canada,CAN,2008,10228000
Canada,CAN,2009,8959000
Canada,CAN,2010,9402000
Canada,CAN,2011,9050000
Canada,CAN,2012,8974000
Canada,CAN,2013,9108000
Canada,CAN,2014,9021000
Canada,CAN,2015,9578000
Canada,CAN,2016,10171000
Canada,CAN,2017,10198000
Canada,CAN,2018,10140000
Canada,CAN,2019,10284000
Canada,CAN,2020,2108000
Canada,CAN,2021,1219900
Cayman Islands,CYM,1995,683000
Cayman Islands,CYM,1996,800000
Cayman Islands,CYM,1997,867000
Cayman Islands,CYM,1998,871000
Cayman Islands,CYM,1999,1036000
Cayman Islands,CYM,2000,1031000
Cayman Islands,CYM,2001,1215000
Cayman Islands,CYM,2002,1575000
Cayman Islands,CYM,2003,1819000
Cayman Islands,CYM,2004,1693000
Cayman Islands,CYM,2005,1799000
Cayman Islands,CYM,2006,1930000
Cayman Islands,CYM,2007,1716000
Cayman Islands,CYM,2008,1553000
Cayman Islands,CYM,2009,1520000
Cayman Islands,CYM,2010,1598000
Cayman Islands,CYM,2011,1401000
Cayman Islands,CYM,2012,1507000
Cayman Islands,CYM,2013,1376000
Cayman Islands,CYM,2014,1610000
Cayman Islands,CYM,2015,1717000
Cayman Islands,CYM,2016,1712000
Cayman Islands,CYM,2017,1728000
Cayman Islands,CYM,2018,1921000
Cayman Islands,CYM,2019,1831000
Cayman Islands,CYM,2020,538000
Chile,CHL,2001,781000
Chile,CHL,2002,802000
Chile,CHL,2003,876000
Chile,CHL,2004,1019000
Chile,CHL,2005,959000
Chile,CHL,2006,957000
Chile,CHL,2007,741000
Chile,CHL,2008,1003000
Chile,CHL,2009,897000
Chile,CHL,2010,784000
Chile,CHL,2011,826000
Chile,CHL,2012,843000
Chile,CHL,2013,881000
Chile,CHL,2014,926000
Chile,CHL,2015,1009000
Chile,CHL,2016,1072000
Chile,CHL,2017,1171000
Chile,CHL,2018,880000
Chile,CHL,2019,913000
Chile,CHL,2020,191400
Chile,CHL,2021,1500
Colombia,COL,1995,34000
Colombia,COL,1996,120000
Colombia,COL,1997,119000
Colombia,COL,1998,149000
Colombia,COL,1999,179000
Colombia,COL,2000,150000
Colombia,COL,2001,172000
Colombia,COL,2002,94000
Colombia,COL,2003,43000
Colombia,COL,2004,49000
Colombia,COL,2005,48000
Colombia,COL,2006,51000
Colombia,COL,2007,127000
Colombia,COL,2008,228000
Colombia,COL,2009,285000
Colombia,COL,2010,296000
Colombia,COL,2011,313000
Colombia,COL,2012,254000
Colombia,COL,2013,307000
Colombia,COL,2014,314000
Colombia,COL,2015,272000
Colombia,COL,2016,306000
Colombia,COL,2017,345000
Colombia,COL,2018,378000
Colombia,COL,2019,362000
Colombia,COL,2020,134000
Colombia,COL,2021,19000
Congo,COG,2010,5000
Congo,COG,2011,6000
Congo,COG,2012,3000
Congo,COG,2013,2000
Congo,COG,2014,3000
Congo,COG,2015,4000
Congo,COG,2016,2000
Congo,COG,2017,2000
Congo,COG,2018,2000
Costa Rica,CRI,1995,139000
Costa Rica,CRI,1996,159000
Costa Rica,CRI,1997,201000
Costa Rica,CRI,1998,224000
Costa Rica,CRI,1999,235000
Costa Rica,CRI,2000,190000
Costa Rica,CRI,2001,189000
Costa Rica,CRI,2002,222000
Costa Rica,CRI,2003,275000
Costa Rica,CRI,2004,318000
Costa Rica,CRI,2005,280000
Costa Rica,CRI,2006,346000
Costa Rica,CRI,2007,322000
Costa Rica,CRI,2008,320000
Costa Rica,CRI,2009,386000
Costa Rica,CRI,2010,395000
Costa Rica,CRI,2011,334000
Costa Rica,CRI,2012,199000
Costa Rica,CRI,2013,213000
Costa Rica,CRI,2014,233000
Costa Rica,CRI,2015,239000
Costa Rica,CRI,2016,279000
Costa Rica,CRI,2017,271000
Costa Rica,CRI,2018,296000
Costa Rica,CRI,2019,227000
Costa Rica,CRI,2020,134600
Costa Rica,CRI,2021,28000
Cuba,CUB,1995,3000
Cuba,CUB,1996,5000
Cuba,CUB,1997,17000
Cuba,CUB,1998,26000
Cuba,CUB,1999,42000
Cuba,CUB,2000,33000
Cuba,CUB,2001,39000
Cuba,CUB,2002,30000
Cuba,CUB,2003,59000
Cuba,CUB,2004,32000
Cuba,CUB,2005,58000
Cuba,CUB,2006,71000
Cuba,CUB,2007,33000
Cuba,CUB,2008,32000
Cuba,CUB,2009,25000
Cuba,CUB,2010,25000
Cuba,CUB,2011,28000
Cuba,CUB,2012,24000
Cuba,CUB,2013,23000
Cuba,CUB,2014,33000
Cuba,CUB,2015,34000
Cuba,CUB,2016,34000
Curacao,CUW,1995,172000
Curacao,CUW,1996,173000
Curacao,CUW,1997,217000
Curacao,CUW,1998,239000
Curacao,CUW,1999,235000
Curacao,CUW,2000,322000
Curacao,CUW,2001,314000
Curacao,CUW,2002,327000
Curacao,CUW,2003,286000
Curacao,CUW,2004,229000
Curacao,CUW,2005,288000
Curacao,CUW,2006,338000
Curacao,CUW,2007,364000
Curacao,CUW,2008,364000
Curacao,CUW,2009,441000
Curacao,CUW,2010,420000
Curacao,CUW,2011,447000
Curacao,CUW,2012,487000
Curacao,CUW,2013,630000
Curacao,CUW,2014,677000
Curacao,CUW,2015,604000
Curacao,CUW,2016,502000
Curacao,CUW,2017,659000
Curacao,CUW,2018,778000
Curacao,CUW,2019,829000
Curacao,CUW,2020,261000
Curacao,CUW,2021,153400
Cyprus,CYP,1995,153000
Cyprus,CYP,1996,139000
Cyprus,CYP,1997,106000
Cyprus,CYP,1998,134000
Cyprus,CYP,1999,143000
Cyprus,CYP,2000,226000
Cyprus,CYP,2001,144000
Cyprus,CYP,2002,77000
Cyprus,CYP,2003,113000
Cyprus,CYP,2004,129000
Cyprus,CYP,2005,187000
Cyprus,CYP,2006,228000
Cyprus,CYP,2007,255000
Cyprus,CYP,2008,227000
Cyprus,CYP,2009,229000
Cyprus,CYP,2010,277000
Cyprus,CYP,2011,234000
Cyprus,CYP,2012,170000
Cyprus,CYP,2013,221000
Cyprus,CYP,2014,147000
Cyprus,CYP,2015,121000
Cyprus,CYP,2016,100000
Cyprus,CYP,2017,98000
Cyprus,CYP,2018,85000
Cyprus,CYP,2019,140000
Czechia,CZE,2003,12467000
Czechia,CZE,2004,14761000
Czechia,CZE,2005,15343000
Czechia,CZE,2006,15564000
Czechia,CZE,2007,13255000
Czechia,CZE,2008,12477000
Czechia,CZE,2009,14437000
Czechia,CZE,2010,13312000
Czechia,CZE,2011,13792000
Czechia,CZE,2012,15627000
Czechia,CZE,2013,16032000
Czechia,CZE,2014,16518000
Czechia,CZE,2015,17985000
Czechia,CZE,2016,19711000
Czechia,CZE,2017,21036000
Czechia,CZE,2018,21985900
Czechia,CZE,2019,22551000
Czechia,CZE,2020,6347300
Democratic Republic of Congo,COD,1995,50000
Democratic Republic of Congo,COD,1999,20000
Democratic Republic of Congo,COD,2000,20000
Democratic Republic of Congo,COD,2001,20000
Democratic Republic of Congo,COD,2002,20000
Democratic Republic of Congo,COD,2003,20000
Democratic Republic of Congo,COD,2011,11000
Denmark,DNK,2003,17645000
Denmark,DNK,2004,17633000
Denmark,DNK,2005,17749000
Denmark,DNK,2006,17680000
Denmark,DNK,2007,17854000
Denmark,DNK,2008,17854000
Denmark,DNK,2009,18024000
Denmark,DNK,2010,17986000
Denmark,DNK,2011,17947000
Denmark,DNK,2012,17959000
Denmark,DNK,2013,17959000
Denmark,DNK,2014,17803000
Denmark,DNK,2015,17785000
Denmark,DNK,2016,17911000
Denmark,DNK,2017,18310000
Denmark,DNK,2018,18052000
Denmark,DNK,2019,18340000
Denmark,DNK,2020,9802000
Denmark,DNK,2021,10817000
Dominica,DMA,1995,143000
Dominica,DMA,1996,198000
Dominica,DMA,1997,234000
Dominica,DMA,1998,246000
Dominica,DMA,1999,206000
Dominica,DMA,2000,242000
Dominica,DMA,2001,210000
Dominica,DMA,2002,139000
Dominica,DMA,2003,181000
Dominica,DMA,2004,387000
Dominica,DMA,2005,303000
Dominica,DMA,2006,381000
Dominica,DMA,2007,356000
Dominica,DMA,2008,387000
Dominica,DMA,2009,533000
Dominica,DMA,2010,519000
Dominica,DMA,2011,342000
Dominica,DMA,2012,269000
Dominica,DMA,2013,233000
Dominica,DMA,2014,289000
Dominica,DMA,2015,283000
Dominica,DMA,2016,278000
Dominica,DMA,2017,158000
Dominica,DMA,2018,136000
Dominica,DMA,2019,232000
Dominica,DMA,2020,118000
Dominica,DMA,2021,51000
Dominican Republic,DOM,1995,30000
Dominican Republic,DOM,1996,111000
Dominican Republic,DOM,1997,271000
Dominican Republic,DOM,1998,393000
Dominican Republic,DOM,1999,283000
Dominican Republic,DOM,2000,183000
Dominican Republic,DOM,2001,208000
Dominican Republic,DOM,2002,247000
Dominican Republic,DOM,2003,398000
Dominican Republic,DOM,2004,457000
Dominican Republic,DOM,2005,290000
Dominican Republic,DOM,2006,303000
Dominican Republic,DOM,2007,385000
Dominican Republic,DOM,2008,475000
Dominican Republic,DOM,2009,497000
Dominican Republic,DOM,2010,353000
Dominican Republic,DOM,2011,348000
Dominican Republic,DOM,2012,338000
Dominican Republic,DOM,2013,424000
Dominican Republic,DOM,2014,435000
Dominican Republic,DOM,2015,529000
Dominican Republic,DOM,2016,809000
Dominican Republic,DOM,2017,1108000
Dominican Republic,DOM,2018,982000
Dominican Republic,DOM,2019,1104000
Dominican Republic,DOM,2020,343000
Dominican Republic,DOM,2021,333000
Egypt,EGY,1995,262000
Egypt,EGY,1996,368000
Egypt,EGY,1997,305000
Egypt,EGY,1998,241000
Egypt,EGY,1999,307000
Egypt,EGY,2000,390000
Egypt,EGY,2001,291000
Egypt,EGY,2002,286000
Egypt,EGY,2003,298000
Egypt,EGY,2004,309000
Egypt,EGY,2005,363000
Egypt,EGY,2006,437000
Egypt,EGY,2007,481000
Egypt,EGY,2008,540000
Egypt,EGY,2009,622000
Egypt,EGY,2010,680000
Egypt,EGY,2011,348000
Egypt,EGY,2012,336000
Egypt,EGY,2013,290000
Egypt,EGY,2014,249400
Egypt,EGY,2015,189000
Egypt,EGY,2016,141000
Egypt,EGY,2017,136000
Egypt,EGY,2018,150000
Egypt,EGY,2019,151000
El Salvador,SLV,2000,72000
El Salvador,SLV,2001,69000
El Salvador,SLV,2002,87000
El Salvador,SLV,2003,78000
El Salvador,SLV,2004,79000
El Salvador,SLV,2005,179000
El Salvador,SLV,2006,222000
El Salvador,SLV,2007,381000
El Salvador,SLV,2008,490000
El Salvador,SLV,2009,391000
El Salvador,SLV,2010,456000
El Salvador,SLV,2011,450000
El Salvador,SLV,2012,483000
El Salvador,SLV,2013,539000
El Salvador,SLV,2014,541000
El Salvador,SLV,2015,571000
El Salvador,SLV,2016,618000
El Salvador,SLV,2017,691000
El Salvador,SLV,2018,858400
El Salvador,SLV,2019,873000
El Salvador,SLV,2020,217000
El Salvador,SLV,2021,217000
Estonia,EST,1995,1580000
Estonia,EST,1996,1779000
Estonia,EST,1997,1889000
Estonia,EST,1998,2084000
Estonia,EST,1999,2231000
Estonia,EST,2000,2090000
Estonia,EST,2001,1910000
Estonia,EST,2002,1891000
Estonia,EST,2003,1916000
Estonia,EST,2004,285000
Estonia,EST,2005,307000
Estonia,EST,2006,313000
Estonia,EST,2007,295000
Estonia,EST,2008,1606000
Estonia,EST,2009,1654000
Estonia,EST,2010,1858000
Estonia,EST,2011,2084000
Estonia,EST,2012,2050000
Estonia,EST,2013,2626000
Estonia,EST,2014,2644000
Estonia,EST,2015,2735000
Estonia,EST,2016,2811000
Estonia,EST,2017,2901000
Estonia,EST,2018,2807000
Estonia,EST,2019,2766000
Estonia,EST,2020,673000
Estonia,EST,2021,502000
Eswatini,SWZ,2005,345000
Eswatini,SWZ,2006,327000
Eswatini,SWZ,2007,361000
Eswatini,SWZ,2008,430000
Eswatini,SWZ,2009,436000
Eswatini,SWZ,2010,475000
Eswatini,SWZ,2011,449000
Eswatini,SWZ,2012,390000
Eswatini,SWZ,2013,331000
Eswatini,SWZ,2014,386000
Eswatini,SWZ,2015,383000
Eswatini,SWZ,2016,332000
Eswatini,SWZ,2017,422000
Eswatini,SWZ,2018,495500
Eswatini,SWZ,2019,546000
Eswatini,SWZ,2020,151600
Eswatini,SWZ,2021,40400
Fiji,FJI,1995,158000
Fiji,FJI,1996,194000
Fiji,FJI,1997,188000
Fiji,FJI,1998,128000
Fiji,FJI,1999,134000
Fiji,FJI,2000,140000
Fiji,FJI,2001,98000
Fiji,FJI,2002,63000
Fiji,FJI,2003,20000
Fiji,FJI,2004,9000
Fiji,FJI,2005,2000
Fiji,FJI,2007,2000
Fiji,FJI,2008,42000
Fiji,FJI,2009,63000
Fiji,FJI,2010,60000
Fiji,FJI,2011,59000
Fiji,FJI,2012,80000
Fiji,FJI,2013,109500
Fiji,FJI,2014,87600
Fiji,FJI,2015,114000
Fiji,FJI,2016,171000
Fiji,FJI,2017,184000
Fiji,FJI,2018,188000
Fiji,FJI,2019,75000
Fiji,FJI,2020,21300
Finland,FIN,1998,788000
Finland,FIN,1999,909000
Finland,FIN,2000,1075000
Finland,FIN,2001,1426000
Finland,FIN,2002,1812000
Finland,FIN,2003,1926000
Finland,FIN,2004,2014000
Finland,FIN,2005,1898000
Finland,FIN,2006,1970000
Finland,FIN,2007,2217000
Finland,FIN,2008,2489000
Finland,FIN,2009,2272000
Finland,FIN,2010,2512000
Finland,FIN,2011,3068000
Finland,FIN,2012,3410000
France,FRA,1996,85857000
France,FRA,1997,90960000
France,FRA,2004,115849000
France,FRA,2005,110841000
France,FRA,2006,115966000
France,FRA,2007,112466000
France,FRA,2008,114353000
France,FRA,2009,115605000
France,FRA,2010,113179000
France,FRA,2011,116096000
France,FRA,2012,115543000
France,FRA,2013,120776000
France,FRA,2014,122898000
France,FRA,2015,118851000
France,FRA,2016,120360000
France,FRA,2017,120516000
France,FRA,2018,122676000
France,FRA,2019,126963000
France,FRA,2020,75424000
France,FRA,2021,92902000
French Guiana,GUF,2005,1700
French Polynesia,PYF,1995,14000
French Polynesia,PYF,1996,20000
French Polynesia,PYF,1997,21000
French Polynesia,PYF,1998,22000
French Polynesia,PYF,1999,25000
French Polynesia,PYF,2007,25000
French Polynesia,PYF,2008,31000
French Polynesia,PYF,2009,30000
French Polynesia,PYF,2010,25000
French Polynesia,PYF,2011,33000
French Polynesia,PYF,2012,41000
French Polynesia,PYF,2013,50000
French Polynesia,PYF,2014,48000
French Polynesia,PYF,2015,55000
French Polynesia,PYF,2016,49000
French Polynesia,PYF,2017,55000
French Polynesia,PYF,2018,47300
French Polynesia,PYF,2019,63000
French Polynesia,PYF,2020,12400
Gabon,GAB,1995,75000
Gabon,GAB,1996,70000
Gabon,GAB,1997,75000
Gabon,GAB,1998,72000
Gabon,GAB,1999,76000
Gabon,GAB,2000,70000
Gabon,GAB,2001,65000
Gabon,GAB,2002,60000
Gabon,GAB,2003,12000
Gabon,GAB,2004,107000
Gabon,GAB,2005,257000
Georgia,GEO,2010,965000
Georgia,GEO,2011,879000
Georgia,GEO,2012,1646000
Georgia,GEO,2013,2070000
Georgia,GEO,2014,2065000
Georgia,GEO,2015,2244000
Georgia,GEO,2016,2096000
Georgia,GEO,2017,2413500
Georgia,GEO,2018,2446000
Georgia,GEO,2019,2645300
Georgia,GEO,2020,426000
Georgia,GEO,2021,144000
Greece,GRC,1995,582000
Greece,GRC,1996,549000
Greece,GRC,1997,518000
Greece,GRC,1998,448000
Greece,GRC,1999,442000
Greece,GRC,2000,472000
Greece,GRC,2001,621000
Greece,GRC,2002,738000
Greece,GRC,2003,815000
Greece,GRC,2004,955000
Greece,GRC,2005,1173000
Greece,GRC,2006,1245000
Greece,GRC,2013,2192000
Greece,GRC,2014,2239000
Greece,GRC,2015,2515000
Greece,GRC,2016,3271000
Greece,GRC,2017,2967000
Greece,GRC,2018,2949000
Greece,GRC,2019,2656200
Greece,GRC,2020,31400
Greece,GRC,2021,541000
Grenada,GRD,1995,261000
Grenada,GRD,1996,278000
Grenada,GRD,1997,257000
Grenada,GRD,1998,276000
Grenada,GRD,1999,254000
Grenada,GRD,2000,187000
Grenada,GRD,2001,154000
Grenada,GRD,2002,139000
Grenada,GRD,2003,152000
Grenada,GRD,2004,236000
Grenada,GRD,2005,281000
Grenada,GRD,2006,224000
Grenada,GRD,2007,275000
Grenada,GRD,2008,298000
Grenada,GRD,2009,346000
Grenada,GRD,2010,335000
Grenada,GRD,2011,328000
Grenada,GRD,2012,245000
Grenada,GRD,2013,199000
Grenada,GRD,2014,237000
Grenada,GRD,2015,282000
Grenada,GRD,2016,318000
Grenada,GRD,2017,300000
Grenada,GRD,2018,343000
Grenada,GRD,2019,338000
Grenada,GRD,2020,162500
Grenada,GRD,2021,25000
Guadeloupe,GLP,1995,419000
Guadeloupe,GLP,1996,611000
Guadeloupe,GLP,1997,470000
Guadeloupe,GLP,1998,334000
Guadeloupe,GLP,1999,293000
Guadeloupe,GLP,2000,392000
Guadeloupe,GLP,2001,238000
Guadeloupe,GLP,2002,148000
Guadeloupe,GLP,2003,130000
Guadeloupe,GLP,2004,104000
Guadeloupe,GLP,2005,73000
Guadeloupe,GLP,2006,72000
Guadeloupe,GLP,2007,92000
Guadeloupe,GLP,2008,115000
Guadeloupe,GLP,2009,111000
Guadeloupe,GLP,2010,105000
Guadeloupe,GLP,2011,102000
Guadeloupe,GLP,2012,162000
Guadeloupe,GLP,2013,158000
Guadeloupe,GLP,2014,234000
Guadeloupe,GLP,2015,310000
Guadeloupe,GLP,2016,276000
Guadeloupe,GLP,2017,320000
Guadeloupe,GLP,2018,431000
Guatemala,GTM,2004,11000
Guatemala,GTM,2005,18000
Guatemala,GTM,2006,35000
Guatemala,GTM,2007,179000
Guatemala,GTM,2008,188000
Guatemala,GTM,2009,256000
Guatemala,GTM,2010,264000
Guatemala,GTM,2011,275000
Guatemala,GTM,2012,291000
Guatemala,GTM,2013,291000
Guatemala,GTM,2014,368000
Guatemala,GTM,2015,392000
Guatemala,GTM,2016,321000
Guatemala,GTM,2017,454000
Guatemala,GTM,2018,625000
Guatemala,GTM,2019,807200
Guatemala,GTM,2020,198300
Guatemala,GTM,2021,63900
Haiti,HTI,1995,225000
Haiti,HTI,1996,250000
Haiti,HTI,1997,238000
Haiti,HTI,1998,246000
Haiti,HTI,1999,243000
Haiti,HTI,2000,305000
Haiti,HTI,2001,357000
Haiti,HTI,2002,342000
Haiti,HTI,2003,382000
Haiti,HTI,2004,289000
Haiti,HTI,2005,368000
Haiti,HTI,2006,450000
Haiti,HTI,2007,482000
Haiti,HTI,2008,500000
Haiti,HTI,2009,439000
Haiti,HTI,2010,538000
Haiti,HTI,2011,597000
Haiti,HTI,2012,610000
Haiti,HTI,2013,644000
Haiti,HTI,2014,662400
Haiti,HTI,2015,674000
Haiti,HTI,2016,708000
Haiti,HTI,2017,795000
Haiti,HTI,2018,885000
Haiti,HTI,2019,652000
Haiti,HTI,2020,119000
Haiti,HTI,2021,0
Honduras,HND,1996,8000
Honduras,HND,1997,3000
Honduras,HND,1998,3000
Honduras,HND,1999,57000
Honduras,HND,2000,218000
Honduras,HND,2001,154000
Honduras,HND,2002,239000
Honduras,HND,2003,276000
Honduras,HND,2004,385000
Honduras,HND,2005,445000
Honduras,HND,2006,398000
Honduras,HND,2007,505000
Honduras,HND,2008,693000
Honduras,HND,2009,754000
Honduras,HND,2010,1103000
Honduras,HND,2011,980000
Honduras,HND,2012,1009000
Honduras,HND,2013,994000
Honduras,HND,2014,1214000
Honduras,HND,2015,1212000
Honduras,HND,2016,1390000
Honduras,HND,2017,1294000
Honduras,HND,2018,1477000
Honduras,HND,2019,1590000
Honduras,HND,2020,465000
Honduras,HND,2021,367000
Hong Kong,HKG,1995,5000
Hong Kong,HKG,1996,7000
Hong Kong,HKG,1997,8000
Hong Kong,HKG,1998,3023000
Hong Kong,HKG,1999,3492000
Hong Kong,HKG,2000,4246000
Hong Kong,HKG,2001,4847000
Hong Kong,HKG,2002,5878000
Hong Kong,HKG,2003,5861000
Hong Kong,HKG,2004,8156000
Hong Kong,HKG,2005,8586000
Hong Kong,HKG,2006,9430000
Hong Kong,HKG,2007,11015000
Hong Kong,HKG,2008,12187000
Hong Kong,HKG,2009,12665000
Hong Kong,HKG,2010,15945000
Hong Kong,HKG,2011,19605000
Hong Kong,HKG,2012,24845000
Hong Kong,HKG,2013,28638000
Hong Kong,HKG,2014,33068398
Hong Kong,HKG,2015,32622000
Hong Kong,HKG,2016,30102000
Hong Kong,HKG,2017,30588000
Hong Kong,HKG,2018,35885000
Hong Kong,HKG,2019,32160000
Hong Kong,HKG,2020,2210000
Hong Kong,HKG,2021,2000
Hungary,HUN,2004,21722000
Hungary,HUN,2005,26194000
Hungary,HUN,2006,29059000
Hungary,HUN,2007,30741000
Hungary,HUN,2008,30740000
Hungary,HUN,2009,31565000
Hungary,HUN,2010,30394000
Hungary,HUN,2011,31054000
Hungary,HUN,2012,33212000
Hungary,HUN,2013,32987000
Hungary,HUN,2014,33844000
Hungary,HUN,2015,34029000
Hungary,HUN,2016,37635000
Hungary,HUN,2017,39176000
Hungary,HUN,2018,40115000
Hungary,HUN,2019,44460000
Hungary,HUN,2020,24224000
Hungary,HUN,2021,28758400
Iceland,ISL,1995,21000
Iceland,ISL,1996,22000
Iceland,ISL,1997,21000
Iceland,ISL,1998,23000
Iceland,ISL,1999,18000
Iceland,ISL,2000,25000
Iceland,ISL,2001,28000
Iceland,ISL,2002,30000
Iceland,ISL,2003,31000
Iceland,ISL,2004,45000
Iceland,ISL,2005,55000
Iceland,ISL,2006,55000
Iceland,ISL,2007,54000
Iceland,ISL,2008,59000
Iceland,ISL,2009,69000
Iceland,ISL,2010,70000
Iceland,ISL,2011,63000
Iceland,ISL,2012,92000
Iceland,ISL,2013,92400
Iceland,ISL,2014,104800
Iceland,ISL,2015,100000
Iceland,ISL,2016,99000
Iceland,ISL,2017,128000
Iceland,ISL,2018,144700
Iceland,ISL,2019,189000
Iceland,ISL,2020,1300
Iceland,ISL,2021,19000
India,IND,1995,19000
India,IND,1996,20000
India,IND,1997,21000
India,IND,1998,23000
India,IND,1999,26000
India,IND,2000,28000
India,IND,2001,54000
India,IND,2002,44000
India,IND,2003,48000
India,IND,2004,55000
India,IND,2005,119000
India,IND,2006,179000
India,IND,2007,162000
India,IND,2008,90000
India,IND,2009,127000
India,IND,2010,105000
India,IND,2019,160000
India,IND,2020,46000
India,IND,2021,21000
Indonesia,IDN,2015,444000
Indonesia,IDN,2016,447000
Indonesia,IDN,2017,1092000
Indonesia,IDN,2018,2414000
Indonesia,IDN,2019,652000
Indonesia,IDN,2020,137400
Indonesia,IDN,2021,11200
Iran,IRN,2021,107000
Ireland,IRL,1996,245000
Ireland,IRL,1997,336000
Ireland,IRL,1998,364000
Ireland,IRL,1999,344000
Ireland,IRL,2000,345000
Ireland,IRL,2001,344000
Ireland,IRL,2002,305000
Ireland,IRL,2003,334000
Ireland,IRL,2004,349000
Ireland,IRL,2005,367000
Ireland,IRL,2006,424000
Ireland,IRL,2007,422000
Ireland,IRL,2008,551000
Ireland,IRL,2009,479000
Ireland,IRL,2010,439000
Ireland,IRL,2011,489000
Ireland,IRL,2012,478000
Ireland,IRL,2013,595000
Ireland,IRL,2014,776000
Ireland,IRL,2015,894000
Ireland,IRL,2016,1157000
Ireland,IRL,2017,1205000
Ireland,IRL,2018,1340000
Ireland,IRL,2019,1450000
Israel,ISR,1995,318000
Israel,ISR,1996,260000
Israel,ISR,1997,285000
Israel,ISR,1998,258000
Israel,ISR,1999,254000
Israel,ISR,2000,255000
Israel,ISR,2001,23000
Israel,ISR,2002,300
Israel,ISR,2004,200
Israel,ISR,2005,13000
Israel,ISR,2006,9000
Israel,ISR,2007,227000
Israel,ISR,2008,462000
Israel,ISR,2009,418000
Israel,ISR,2010,641000
Israel,ISR,2011,542000
Israel,ISR,2012,635000
Israel,ISR,2013,578000
Israel,ISR,2014,324000
Israel,ISR,2015,309000
Israel,ISR,2016,170000
Israel,ISR,2017,250000
Israel,ISR,2018,269000
Israel,ISR,2019,353000
Israel,ISR,2020,56000
Israel,ISR,2021,6000
Italy,ITA,1995,24654000
Italy,ITA,1996,25726000
Italy,ITA,1997,23306000
Italy,ITA,1998,23567000
Italy,ITA,1999,23005000
Italy,ITA,2000,21522000
Italy,ITA,2001,21397000
Italy,ITA,2002,23762000
Italy,ITA,2003,23422000
Italy,ITA,2004,21409000
Italy,ITA,2005,22717000
Italy,ITA,2006,25295000
Italy,ITA,2007,26617000
Italy,ITA,2008,27985000
Italy,ITA,2009,28453000
Italy,ITA,2010,29599000
Italy,ITA,2011,29747000
Italy,ITA,2012,29933000
Italy,ITA,2013,29058000
Italy,ITA,2014,29118000
Italy,ITA,2015,30336000
Italy,ITA,2016,32552000
Italy,ITA,2017,31678000
Italy,ITA,2018,31661400
Italy,ITA,2019,30886000
Italy,ITA,2020,13229000
Italy,ITA,2021,13298000
Jamaica,JAM,1995,605000
Jamaica,JAM,1996,658000
Jamaica,JAM,1997,712000
Jamaica,JAM,1998,674000
Jamaica,JAM,1999,764000
Jamaica,JAM,2000,908000
Jamaica,JAM,2001,840000
Jamaica,JAM,2002,865000
Jamaica,JAM,2003,1133000
Jamaica,JAM,2004,1100000
Jamaica,JAM,2005,1136000
Jamaica,JAM,2006,1337000
Jamaica,JAM,2007,1180000
Jamaica,JAM,2008,1092000
Jamaica,JAM,2009,922000
Jamaica,JAM,2010,910000
Jamaica,JAM,2011,1125000
Jamaica,JAM,2012,1320000
Jamaica,JAM,2013,1265000
Jamaica,JAM,2014,1424000
Jamaica,JAM,2015,1569000
Jamaica,JAM,2016,1655600
Jamaica,JAM,2017,1923000
Jamaica,JAM,2018,1846000
Jamaica,JAM,2019,1553000
Jamaica,JAM,2020,449300
Jamaica,JAM,2021,71000
Jordan,JOR,1995,7000
Jordan,JOR,1996,16000
Jordan,JOR,1997,15000
Jordan,JOR,1998,1666000
Jordan,JOR,1999,1441000
Jordan,JOR,2000,1120000
Jordan,JOR,2001,1362000
Jordan,JOR,2002,2293000
Jordan,JOR,2003,2247000
Jordan,JOR,2004,2734000
Jordan,JOR,2005,2831000
Jordan,JOR,2006,3348000
Jordan,JOR,2007,3098000
Jordan,JOR,2008,3372000
Jordan,JOR,2009,3295000
Jordan,JOR,2010,3871000
Jordan,JOR,2011,2853000
Jordan,JOR,2012,2152000
Jordan,JOR,2013,1444000
Jordan,JOR,2014,1337000
Jordan,JOR,2015,1048000
Jordan,JOR,2016,669000
Jordan,JOR,2017,721600
Jordan,JOR,2018,772000
Jordan,JOR,2019,872200
Jordan,JOR,2020,173000
Jordan,JOR,2021,347000
Kazakhstan,KAZ,2000,212000
Kazakhstan,KAZ,2001,848000
Kazakhstan,KAZ,2002,846000
Kazakhstan,KAZ,2003,827000
Kazakhstan,KAZ,2004,1218000
Kazakhstan,KAZ,2005,1222000
Kazakhstan,KAZ,2006,1239000
Kazakhstan,KAZ,2007,1435000
Kazakhstan,KAZ,2008,1112000
Kazakhstan,KAZ,2009,1019000
Kazakhstan,KAZ,2010,1106000
Kazakhstan,KAZ,2011,1592000
Kazakhstan,KAZ,2012,1726000
Kazakhstan,KAZ,2013,1915000
Kazakhstan,KAZ,2014,1773000
Kenya,KEN,1995,56000
Kenya,KEN,1996,56000
Kenya,KEN,1997,72000
Kenya,KEN,1998,102000
Kenya,KEN,1999,107000
Kenya,KEN,2000,138000
Kenya,KEN,2001,153000
Kenya,KEN,2002,163000
Kenya,KEN,2003,219000
Kenya,KEN,2004,162000
Kenya,KEN,2005,80000
Kenya,KEN,2006,137000
Kenya,KEN,2007,131000
Kenya,KEN,2008,62000
Kenya,KEN,2009,98000
Kenya,KEN,2010,139000
Kenya,KEN,2011,73000
Kenya,KEN,2012,92000
Kenya,KEN,2013,86000
Kenya,KEN,2014,89000
Kenya,KEN,2015,66000
Kenya,KEN,2016,72000
Kenya,KEN,2017,85000
Kiribati,KIR,1999,15200
Kiribati,KIR,2000,8600
Kiribati,KIR,2001,9900
Kiribati,KIR,2002,114600
Kiribati,KIR,2003,125200
Kiribati,KIR,2004,60500
Kiribati,KIR,2005,46100
Kiribati,KIR,2006,6400
Kiribati,KIR,2007,27600
Kiribati,KIR,2014,3300
Kiribati,KIR,2015,4300
Kiribati,KIR,2016,1900
Kiribati,KIR,2017,1700
Kiribati,KIR,2018,1900
Kiribati,KIR,2019,4100
Laos,LAO,1995,286000
Laos,LAO,1996,310000
Laos,LAO,1997,270000
Laos,LAO,1998,300000
Laos,LAO,1999,355000
Laos,LAO,2000,546000
Laos,LAO,2001,501000
Laos,LAO,2002,521000
Laos,LAO,2003,440000
Laos,LAO,2004,488000
Laos,LAO,2005,423000
Laos,LAO,2006,373000
Laos,LAO,2007,482000
Laos,LAO,2008,442000
Laos,LAO,2009,769000
Laos,LAO,2010,843000
Laos,LAO,2011,830000
Laos,LAO,2012,1039000
Laos,LAO,2013,1079000
Laos,LAO,2014,995000
Laos,LAO,2015,1141000
Laos,LAO,2016,924000
Laos,LAO,2017,612000
Laos,LAO,2018,417000
Laos,LAO,2019,407000
Laos,LAO,2020,74800
Latvia,LVA,1996,1148000
Latvia,LVA,1997,1189000
Latvia,LVA,1998,1225000
Latvia,LVA,1999,1174000
Latvia,LVA,2000,1405000
Latvia,LVA,2001,1448000
Latvia,LVA,2002,1425000
Latvia,LVA,2003,1499000
Latvia,LVA,2004,1954000
Latvia,LVA,2005,2658000
Latvia,LVA,2006,3109000
Latvia,LVA,2007,3583000
Latvia,LVA,2008,3812000
Latvia,LVA,2009,3404000
Latvia,LVA,2010,3669000
Latvia,LVA,2011,4045000
Latvia,LVA,2012,4134000
Latvia,LVA,2013,4286000
Latvia,LVA,2014,4403000
Latvia,LVA,2015,4818000
Latvia,LVA,2016,5004000
Latvia,LVA,2017,5777000
Latvia,LVA,2018,5829000
Latvia,LVA,2019,6408000
Latvia,LVA,2020,2568000
Latvia,LVA,2021,1459000
Lesotho,LSO,1995,122000
Lesotho,LSO,1996,178000
Lesotho,LSO,1997,169000
Lesotho,LSO,1998,140000
Lesotho,LSO,1999,121000
Lesotho,LSO,2006,10000
Lesotho,LSO,2007,8000
Lesotho,LSO,2008,8000
Lesotho,LSO,2009,24000
Lesotho,LSO,2010,11000
Lesotho,LSO,2011,500
Lesotho,LSO,2012,106000
Lesotho,LSO,2013,113000
Libya,LBY,1995,1776000
Libya,LBY,1996,1188000
Libya,LBY,1997,863000
Libya,LBY,1998,818000
Libya,LBY,1999,787000
Libya,LBY,2000,789000
Libya,LBY,2001,784000
Libya,LBY,2002,723000
Libya,LBY,2003,816000
Libya,LBY,2006,84000
Libya,LBY,2007,68000
Libya,LBY,2008,8000
Lithuania,LTU,1995,1950000
Lithuania,LTU,1996,2665000
Lithuania,LTU,1997,2690000
Lithuania,LTU,1998,2871000
Lithuania,LTU,1999,3032000
Lithuania,LTU,2000,3009000
Lithuania,LTU,2001,2924000
Lithuania,LTU,2002,2571000
Lithuania,LTU,2003,2144000
Lithuania,LTU,2007,2765000
Lithuania,LTU,2008,2848000
Lithuania,LTU,2009,2660000
Lithuania,LTU,2010,2566000
Lithuania,LTU,2011,2729000
Lithuania,LTU,2012,3079000
Lithuania,LTU,2013,3252000
Lithuania,LTU,2014,3155000
Lithuania,LTU,2015,2977000
Lithuania,LTU,2016,3026000
Lithuania,LTU,2017,3067000
Lithuania,LTU,2018,3290000
Lithuania,LTU,2019,3275000
Lithuania,LTU,2020,1348000
Lithuania,LTU,2021,1148000
Macao,MAC,1995,3550000
Macao,MAC,1996,3461000
Macao,MAC,1997,3164000
Macao,MAC,1998,2432000
Macao,MAC,1999,2394000
Macao,MAC,2000,3965000
Macao,MAC,2001,4437000
Macao,MAC,2002,4966000
Macao,MAC,2003,5579000
Macao,MAC,2004,8349000
Macao,MAC,2005,9697000
Macao,MAC,2006,11315000
Macao,MAC,2007,14058000
Macao,MAC,2008,12323000
Macao,MAC,2009,11351000
Macao,MAC,2010,13040000
Macao,MAC,2011,15077000
Macao,MAC,2012,14505000
Macao,MAC,2013,15056000
Macao,MAC,2014,16960000
Macao,MAC,2015,16407000
Macao,MAC,2016,15246700
Macao,MAC,2017,15356000
Macao,MAC,2018,17311000
Macao,MAC,2019,20773000
Macao,MAC,2020,3075000
Macao,MAC,2021,4009000
Madagascar,MDG,1995,10000
Madagascar,MDG,2015,38000
Madagascar,MDG,2016,40000
Madagascar,MDG,2017,30000
Madagascar,MDG,2018,69000
Madagascar,MDG,2019,102000
Madagascar,MDG,2020,18800
Malaysia,MYS,1995,7416000
Malaysia,MYS,1996,6946000
Malaysia,MYS,1997,6380000
Malaysia,MYS,1998,5335000
Malaysia,MYS,1999,5979000
Malaysia,MYS,2000,6991000
Malaysia,MYS,2001,10219000
Malaysia,MYS,2002,7464000
Malaysia,MYS,2003,5716000
Malaysia,MYS,2004,8729000
Malaysia,MYS,2005,7778000
Malaysia,MYS,2006,7751000
Malaysia,MYS,2007,7352000
Malaysia,MYS,2008,3269000
Malaysia,MYS,2009,7863000
Malaysia,MYS,2019,8945000
Malaysia,MYS,2020,1769000
Malaysia,MYS,2021,265000
Maldives,MDV,2000,7000
Maldives,MDV,2001,5000
Maldives,MDV,2002,3000
Maldives,MDV,2003,4000
Maldives,MDV,2004,4000
Maldives,MDV,2005,4000
Maldives,MDV,2006,3000
Maldives,MDV,2007,6000
Maldives,MDV,2008,2000
Maldives,MDV,2009,3000
Maldives,MDV,2010,500
Maldives,MDV,2011,200
Maldives,MDV,2012,9000
Maldives,MDV,2013,2000
Malta,MLT,1995,77000
Malta,MLT,1996,69000
Malta,MLT,1997,127000
Malta,MLT,1998,144000
Malta,MLT,1999,188000
Malta,MLT,2000,171000
Malta,MLT,2001,259000
Malta,MLT,2002,349000
Malta,MLT,2003,385000
Malta,MLT,2004,272000
Malta,MLT,2005,314000
Malta,MLT,2006,397000
Malta,MLT,2007,479000
Malta,MLT,2008,542000
Malta,MLT,2009,426000
Malta,MLT,2010,476000
Malta,MLT,2011,501000
Malta,MLT,2012,563000
Malta,MLT,2013,431000
Malta,MLT,2014,472000
Malta,MLT,2015,600000
Malta,MLT,2016,626000
Malta,MLT,2017,670000
Malta,MLT,2018,633000
Malta,MLT,2019,766000
Malta,MLT,2020,59000
Malta,MLT,2021,142000
Marshall Islands,MHL,2016,1100
Marshall Islands,MHL,2017,1900
Marshall Islands,MHL,2020,800
Martinique,MTQ,1995,428000
Martinique,MTQ,1996,408000
Martinique,MTQ,1997,387000
Martinique,MTQ,1998,415000
Martinique,MTQ,1999,339000
Martinique,MTQ,2000,290000
Martinique,MTQ,2001,203000
Martinique,MTQ,2002,207000
Martinique,MTQ,2003,269000
Martinique,MTQ,2004,159000
Martinique,MTQ,2005,93000
Martinique,MTQ,2006,96000
Martinique,MTQ,2007,72000
Martinique,MTQ,2008,87000
Martinique,MTQ,2009,70000
Martinique,MTQ,2010,75000
Martinique,MTQ,2011,41000
Martinique,MTQ,2012,115000
Martinique,MTQ,2013,133000
Martinique,MTQ,2014,206000
Martinique,MTQ,2015,274000
Martinique,MTQ,2016,323000
Martinique,MTQ,2017,467000
Martinique,MTQ,2018,465000
Martinique,MTQ,2019,363000
Martinique,MTQ,2020,211300
Martinique,MTQ,2021,21200
Mauritius,MUS,1995,15000
Mauritius,MUS,1996,22000
Mauritius,MUS,1997,22000
Mauritius,MUS,1998,21000
Mauritius,MUS,1999,22000
Mauritius,MUS,2000,22000
Mauritius,MUS,2001,14000
Mauritius,MUS,2002,28000
Mauritius,MUS,2003,19000
Mauritius,MUS,2004,20000
Mauritius,MUS,2005,21000
Mauritius,MUS,2006,18000
Mauritius,MUS,2007,26000
Mauritius,MUS,2008,40000
Mauritius,MUS,2009,19000
Mauritius,MUS,2010,22000
Mauritius,MUS,2011,18000
Mauritius,MUS,2012,19000
Mauritius,MUS,2013,22000
Mauritius,MUS,2014,27000
Mauritius,MUS,2015,22600
Mauritius,MUS,2016,32000
Mauritius,MUS,2017,30000
Mauritius,MUS,2018,32000
Mauritius,MUS,2019,35000
Mauritius,MUS,2020,7000
Mauritius,MUS,2021,500
Mexico,MEX,1995,65205000
Mexico,MEX,1996,68999000
Mexico,MEX,1997,73564000
Mexico,MEX,1998,75822000
Mexico,MEX,1999,80826000
Mexico,MEX,2000,85032000
Mexico,MEX,2001,80908000
Mexico,MEX,2002,80487000
Mexico,MEX,2003,73664000
Mexico,MEX,2004,78632000
Mexico,MEX,2005,81231000
Mexico,MEX,2006,76348000
Mexico,MEX,2007,71976000
Mexico,MEX,2008,70017000
Mexico,MEX,2009,65698000
Mexico,MEX,2010,58664000
Mexico,MEX,2011,52329000
Mexico,MEX,2012,53346000
Mexico,MEX,2013,53950000
Mexico,MEX,2014,51696000
Mexico,MEX,2015,55035000
Mexico,MEX,2016,59774000
Mexico,MEX,2017,60058000
Mexico,MEX,2018,55184000
Mexico,MEX,2019,52382000
Mexico,MEX,2020,26844500
Mexico,MEX,2021,23441000
Moldova,MDA,1995,1000
Moldova,MDA,1996,100
Moldova,MDA,1998,500
Moldova,MDA,1999,300
Moldova,MDA,2000,800
Moldova,MDA,2001,200
Moldova,MDA,2002,2000
Moldova,MDA,2003,3000
Monaco,MCO,1995,23000
Monaco,MCO,1996,26000
Monaco,MCO,1997,22000
Monaco,MCO,1998,56000
Monaco,MCO,1999,60000
Monaco,MCO,2000,76000
Monaco,MCO,2001,72000
Monaco,MCO,2002,56000
Monaco,MCO,2003,80000
Monaco,MCO,2004,125000
Monaco,MCO,2005,133000
Monaco,MCO,2006,180000
Monaco,MCO,2007,182000
Monaco,MCO,2008,232000
Monaco,MCO,2009,236000
Monaco,MCO,2010,322000
Monaco,MCO,2011,285000
Monaco,MCO,2012,233000
Monaco,MCO,2013,245000
Monaco,MCO,2014,194000
Monaco,MCO,2015,255000
Monaco,MCO,2016,182000
Monaco,MCO,2017,166000
Monaco,MCO,2018,169000
Monaco,MCO,2019,182000
Monaco,MCO,2020,1100
Montserrat,MSR,1995,1600
Montserrat,MSR,1996,300
Montserrat,MSR,1997,1000
Montserrat,MSR,1998,1900
Montserrat,MSR,1999,3200
Montserrat,MSR,2000,4000
Montserrat,MSR,2001,5800
Montserrat,MSR,2002,5200
Montserrat,MSR,2003,5200
Montserrat,MSR,2004,5100
Montserrat,MSR,2005,3400
Montserrat,MSR,2006,1500
Montserrat,MSR,2007,1000
Montserrat,MSR,2008,1000
Montserrat,MSR,2009,1000
Montserrat,MSR,2010,1700
Montserrat,MSR,2011,2000
Montserrat,MSR,2012,2595
Montserrat,MSR,2013,1500
Montserrat,MSR,2014,1900
Montserrat,MSR,2015,4300
Montserrat,MSR,2016,4800
Montserrat,MSR,2017,9000
Montserrat,MSR,2018,6500
Montserrat,MSR,2019,8900
Montserrat,MSR,2020,3100
Morocco,MAR,1995,150000
Morocco,MAR,1996,163000
Morocco,MAR,1997,131000
Morocco,MAR,1998,172000
Morocco,MAR,1999,271000
Morocco,MAR,2000,180000
Morocco,MAR,2001,216000
Morocco,MAR,2002,255000
Morocco,MAR,2003,260000
Morocco,MAR,2004,256000
Morocco,MAR,2005,233000
Morocco,MAR,2006,218000
Morocco,MAR,2007,293000
Morocco,MAR,2008,330000
Morocco,MAR,2009,319000
Morocco,MAR,2010,464000
Morocco,MAR,2011,442000
Morocco,MAR,2012,455000
Morocco,MAR,2013,303000
Morocco,MAR,2014,224000
Morocco,MAR,2015,365000
Morocco,MAR,2016,345000
Morocco,MAR,2017,191000
Morocco,MAR,2018,200000
Morocco,MAR,2019,177000
Morocco,MAR,2020,24000
Mozambique,MOZ,2001,81000
Mozambique,MOZ,2002,402000
Mozambique,MOZ,2003,285000
Mozambique,MOZ,2004,241000
Mozambique,MOZ,2005,376000
Mozambique,MOZ,2006,431000
Mozambique,MOZ,2007,488000
Mozambique,MOZ,2008,246000
Mozambique,MOZ,2009,250000
Mozambique,MOZ,2010,118000
Mozambique,MOZ,2011,111000
Mozambique,MOZ,2012,93000
Mozambique,MOZ,2013,83300
Mozambique,MOZ,2014,90000
Mozambique,MOZ,2015,82000
Mozambique,MOZ,2016,76000
Mozambique,MOZ,2017,67000
Mozambique,MOZ,2018,127000
Mozambique,MOZ,2019,14000
Mozambique,MOZ,2020,7000
Mozambique,MOZ,2021,57000
Namibia,NAM,1995,149000
Namibia,NAM,1996,99000
Namibia,NAM,1997,108000
Namibia,NAM,1998,67000
Namibia,NAM,1999,59000
Namibia,NAM,2000,103000
Namibia,NAM,2001,30000
Namibia,NAM,2002,42000
Namibia,NAM,2003,44000
Namibia,NAM,2005,78000
Namibia,NAM,2006,127000
Namibia,NAM,2007,119000
Namibia,NAM,2008,148000
Namibia,NAM,2009,120000
Namibia,NAM,2010,130000
Namibia,NAM,2011,136000
Namibia,NAM,2012,166000
Namibia,NAM,2013,151000
Namibia,NAM,2014,109000
Namibia,NAM,2015,100000
Namibia,NAM,2016,82000
Namibia,NAM,2017,82000
Namibia,NAM,2018,82000
Namibia,NAM,2019,55000
Namibia,NAM,2020,17600
Namibia,NAM,2021,28600
New Caledonia,NCL,1995,36000
New Caledonia,NCL,1996,47000
New Caledonia,NCL,1997,34000
New Caledonia,NCL,1998,23000
New Caledonia,NCL,1999,51000
New Caledonia,NCL,2000,51000
New Caledonia,NCL,2001,51000
New Caledonia,NCL,2002,54000
New Caledonia,NCL,2003,64000
New Caledonia,NCL,2004,77000
New Caledonia,NCL,2005,81000
New Caledonia,NCL,2006,119000
New Caledonia,NCL,2007,124000
New Caledonia,NCL,2008,152000
New Caledonia,NCL,2009,131000
New Caledonia,NCL,2010,183000
New Caledonia,NCL,2011,236000
New Caledonia,NCL,2012,278000
New Caledonia,NCL,2013,386000
New Caledonia,NCL,2014,422000
New Caledonia,NCL,2015,444000
New Caledonia,NCL,2016,509000
New Caledonia,NCL,2017,505000
New Caledonia,NCL,2018,456000
New Caledonia,NCL,2019,344000
New Caledonia,NCL,2020,118000
New Zealand,NZL,1998,10000
New Zealand,NZL,1999,11000
New Zealand,NZL,2000,7000
New Zealand,NZL,2001,9000
New Zealand,NZL,2002,19000
New Zealand,NZL,2003,18000
New Zealand,NZL,2004,9000
New Zealand,NZL,2005,13000
New Zealand,NZL,2006,19000
New Zealand,NZL,2007,21000
New Zealand,NZL,2008,112000
New Zealand,NZL,2009,100000
New Zealand,NZL,2010,95000
New Zealand,NZL,2011,105000
New Zealand,NZL,2012,101000
New Zealand,NZL,2013,81000
New Zealand,NZL,2014,82000
New Zealand,NZL,2015,90000
New Zealand,NZL,2016,124000
New Zealand,NZL,2017,168000
New Zealand,NZL,2018,172000
New Zealand,NZL,2019,186000
New Zealand,NZL,2020,48000
New Zealand,NZL,2021,2000
Nicaragua,NIC,1995,58000
Nicaragua,NIC,1996,84000
Nicaragua,NIC,1997,95000
Nicaragua,NIC,1998,77000
Nicaragua,NIC,1999,62000
Nicaragua,NIC,2000,96000
Nicaragua,NIC,2001,100000
Nicaragua,NIC,2002,107000
Nicaragua,NIC,2003,120000
Nicaragua,NIC,2004,120000
Nicaragua,NIC,2005,92000
Nicaragua,NIC,2006,142000
Nicaragua,NIC,2007,178000
Nicaragua,NIC,2008,153000
Nicaragua,NIC,2009,78000
Nicaragua,NIC,2010,60000
Nicaragua,NIC,2011,61000
Nicaragua,NIC,2012,53000
Nicaragua,NIC,2013,44000
Nicaragua,NIC,2014,61000
Nicaragua,NIC,2015,70000
Nicaragua,NIC,2016,92000
Nicaragua,NIC,2017,171000
Nicaragua,NIC,2018,157000
Nicaragua,NIC,2019,159000
Nicaragua,NIC,2020,90000
Nicaragua,NIC,2021,90000
Niue,NIU,2017,1800
Northern Mariana Islands,MNP,1995,7000
Northern Mariana Islands,MNP,1996,8000
Northern Mariana Islands,MNP,1997,10000
Northern Mariana Islands,MNP,1998,9000
Northern Mariana Islands,MNP,1999,8000
Northern Mariana Islands,MNP,2000,12000
Northern Mariana Islands,MNP,2001,6000
Northern Mariana Islands,MNP,2002,10000
Northern Mariana Islands,MNP,2003,7000
Northern Mariana Islands,MNP,2004,11000
Northern Mariana Islands,MNP,2005,9000
Northern Mariana Islands,MNP,2006,7000
Northern Mariana Islands,MNP,2007,4000
Northern Mariana Islands,MNP,2008,9000
Northern Mariana Islands,MNP,2009,9000
Northern Mariana Islands,MNP,2010,4000
Northern Mariana Islands,MNP,2011,5000
Northern Mariana Islands,MNP,2012,2000
Northern Mariana Islands,MNP,2013,3000
Northern Mariana Islands,MNP,2014,5000
Northern Mariana Islands,MNP,2015,3400
Northern Mariana Islands,MNP,2016,5000
Northern Mariana Islands,MNP,2017,4000
Northern Mariana Islands,MNP,2018,1000
Northern Mariana Islands,MNP,2019,3000
Northern Mariana Islands,MNP,2020,2000
Northern Mariana Islands,MNP,2021,500
Norway,NOR,1998,1789000
Norway,NOR,1999,1900000
Norway,NOR,2000,2017000
Norway,NOR,2001,2042000
Norway,NOR,2002,1432000
Norway,NOR,2003,1417000
Norway,NOR,2004,1502000
Norway,NOR,2005,1594000
Norway,NOR,2006,1668000
Norway,NOR,2007,1640000
Norway,NOR,2008,1707000
Norway,NOR,2009,1768000
Norway,NOR,2010,1811000
Norway,NOR,2011,1730000
Oman,OMN,2001,266000
Oman,OMN,2002,295000
Oman,OMN,2003,171000
Oman,OMN,2004,212000
Oman,OMN,2005,211000
Oman,OMN,2006,319000
Oman,OMN,2007,136000
Oman,OMN,2008,166000
Oman,OMN,2009,64000
Oman,OMN,2010,59000
Oman,OMN,2011,375000
Oman,OMN,2012,473000
Oman,OMN,2013,531000
Oman,OMN,2014,614000
Oman,OMN,2015,725000
Oman,OMN,2016,872000
Oman,OMN,2017,863000
Oman,OMN,2018,941000
Oman,OMN,2019,1006000
Oman,OMN,2020,246200
Oman,OMN,2021,188000
Palestine,PSE,2007,664000
Palestine,PSE,2008,1100000
Palestine,PSE,2009,1344000
Palestine,PSE,2010,2299000
Palestine,PSE,2011,2281000
Palestine,PSE,2012,2561000
Palestine,PSE,2013,2329000
Palestine,PSE,2014,2351000
Palestine,PSE,2015,1622000
Palestine,PSE,2016,1831000
Palestine,PSE,2017,2263000
Palestine,PSE,2018,2444000
Palestine,PSE,2019,3122000
Palestine,PSE,2020,830000
Panama,PAN,1995,72000
Panama,PAN,1996,80000
Panama,PAN,1997,83000
Panama,PAN,1998,98000
Panama,PAN,1999,98000
Panama,PAN,2000,116000
Panama,PAN,2001,218000
Panama,PAN,2002,267000
Panama,PAN,2003,331000
Panama,PAN,2004,383000
Panama,PAN,2005,368000
Panama,PAN,2006,372000
Panama,PAN,2007,325000
Panama,PAN,2008,328000
Panama,PAN,2009,362000
Panama,PAN,2010,402000
Panama,PAN,2011,531000
Panama,PAN,2012,480000
Panama,PAN,2013,544000
Panama,PAN,2014,560000
Panama,PAN,2015,443000
Panama,PAN,2016,458000
Panama,PAN,2017,674000
Panama,PAN,2018,702000
Panama,PAN,2019,741000
Panama,PAN,2020,233000
Panama,PAN,2021,186000
Papua New Guinea,PNG,2008,6000
Papua New Guinea,PNG,2009,5000
Papua New Guinea,PNG,2010,6000
Papua New Guinea,PNG,2011,7000
Papua New Guinea,PNG,2012,7000
Papua New Guinea,PNG,2013,8000
Papua New Guinea,PNG,2014,9000
Papua New Guinea,PNG,2015,16000
Papua New Guinea,PNG,2016,19000
Papua New Guinea,PNG,2017,43000
Papua New Guinea,PNG,2018,55000
Papua New Guinea,PNG,2019,51000
Paraguay,PRY,1995,15240000
Paraguay,PRY,1996,12442000
Paraguay,PRY,1997,10560000
Paraguay,PRY,1998,9468000
Paraguay,PRY,1999,6300000
Paraguay,PRY,2000,3635000
Paraguay,PRY,2001,3271000
Paraguay,PRY,2002,2944000
Paraguay,PRY,2003,2591000
Paraguay,PRY,2004,2280000
Paraguay,PRY,2005,2307000
Paraguay,PRY,2006,2442000
Paraguay,PRY,2007,2589000
Paraguay,PRY,2008,2690000
Paraguay,PRY,2009,2744000
Paraguay,PRY,2010,2706000
Paraguay,PRY,2011,2841000
Paraguay,PRY,2012,3076000
Paraguay,PRY,2013,2928000
Paraguay,PRY,2014,2806000
Paraguay,PRY,2015,2887000
Paraguay,PRY,2016,3010000
Paraguay,PRY,2017,3160000
Paraguay,PRY,2018,3002000
Paraguay,PRY,2019,3152000
Paraguay,PRY,2020,825000
Paraguay,PRY,2021,476000
Peru,PER,1998,3000
Peru,PER,1999,3000
Peru,PER,2000,4000
Peru,PER,2001,4000
Peru,PER,2002,4000
Peru,PER,2003,4000
Peru,PER,2004,300000
Peru,PER,2005,367000
Peru,PER,2006,506000
Peru,PER,2007,535000
Peru,PER,2008,523000
Peru,PER,2009,541000
Peru,PER,2010,649000
Peru,PER,2011,701000
Peru,PER,2012,796000
Peru,PER,2013,847000
Peru,PER,2014,847000
Peru,PER,2015,925000
Peru,PER,2016,974000
Peru,PER,2017,960000
Peru,PER,2018,965000
Peru,PER,2019,903000
Peru,PER,2020,222000
Philippines,PHL,1995,4000
Philippines,PHL,1996,10000
Philippines,PHL,1997,18000
Philippines,PHL,1998,30000
Philippines,PHL,1999,18000
Philippines,PHL,2000,7000
Philippines,PHL,2001,4000
Philippines,PHL,2002,5000
Philippines,PHL,2003,5000
Philippines,PHL,2004,8000
Philippines,PHL,2005,2000
Philippines,PHL,2006,4000
Philippines,PHL,2007,17000
Philippines,PHL,2008,21000
Philippines,PHL,2009,21000
Philippines,PHL,2010,25000
Philippines,PHL,2011,8000
Philippines,PHL,2012,11000
Philippines,PHL,2013,16000
Philippines,PHL,2014,60000
Philippines,PHL,2015,70000
Philippines,PHL,2016,72000
Philippines,PHL,2017,114000
Philippines,PHL,2018,228000
Philippines,PHL,2019,162000
Philippines,PHL,2020,25000
Poland,POL,1995,63029000
Poland,POL,1996,68029000
Poland,POL,1997,68297000
Poland,POL,1998,69812000
Poland,POL,1999,71168000
Poland,POL,2000,67115000
Poland,POL,2001,46431000
Poland,POL,2002,36755000
Poland,POL,2003,38410000
Poland,POL,2004,47628000
Poland,POL,2005,49406000
Poland,POL,2006,49445000
Poland,POL,2007,51233000
Poland,POL,2008,46975000
Poland,POL,2009,41950000
Poland,POL,2010,45870000
Poland,POL,2011,47395000
Poland,POL,2012,52550000
Poland,POL,2013,56510000
Poland,POL,2014,57750000
Poland,POL,2015,61015000
Poland,POL,2016,63005000
Poland,POL,2017,65546000
Poland,POL,2018,66324000
Poland,POL,2019,67357000
Poland,POL,2020,42658000
Poland,POL,2021,41304000
Portugal,PRT,1995,13340000
Portugal,PRT,1996,13301000
Portugal,PRT,1997,13842000
Portugal,PRT,1998,15030000
Portugal,PRT,1999,15120000
Portugal,PRT,2000,15691000
Portugal,PRT,2001,15814000
Portugal,PRT,2002,15389000
Portugal,PRT,2003,15535000
Portugal,PRT,2004,10526000
Portugal,PRT,2005,10561000
Portugal,PRT,2006,11306000
Puerto Rico,PRI,1995,956000
Puerto Rico,PRI,1996,1045000
Puerto Rico,PRI,1997,1108000
Puerto Rico,PRI,1998,1275000
Puerto Rico,PRI,1999,1198000
Puerto Rico,PRI,2000,1225000
Puerto Rico,PRI,2001,1357000
Puerto Rico,PRI,2002,1277000
Puerto Rico,PRI,2003,1164000
Puerto Rico,PRI,2004,1348000
Puerto Rico,PRI,2005,1387000
Puerto Rico,PRI,2006,1300000
Puerto Rico,PRI,2007,1375000
Puerto Rico,PRI,2008,1497000
Puerto Rico,PRI,2009,1232000
Puerto Rico,PRI,2010,1194000
Puerto Rico,PRI,2011,1166000
Puerto Rico,PRI,2012,1128000
Puerto Rico,PRI,2013,1038000
Puerto Rico,PRI,2014,1210000
Puerto Rico,PRI,2015,1509000
Puerto Rico,PRI,2016,1267000
Puerto Rico,PRI,2017,1414000
Puerto Rico,PRI,2018,1192000
Puerto Rico,PRI,2019,1751000
Puerto Rico,PRI,2020,1264600
Puerto Rico,PRI,2021,0
Reunion,REU,2017,43000
Reunion,REU,2018,39000
Reunion,REU,2019,67700
Reunion,REU,2020,38400
Romania,ROU,1995,2672000
Romania,ROU,1996,2177000
Romania,ROU,1997,2192000
Romania,ROU,1998,1865000
Romania,ROU,1999,2015000
Romania,ROU,2000,1990000
Russia,RUS,2001,664000
Russia,RUS,2002,677000
Russia,RUS,2003,698000
Russia,RUS,2004,827000
Russia,RUS,2005,831000
Russia,RUS,2006,573000
Russia,RUS,2007,1149000
Russia,RUS,2008,1252000
Russia,RUS,2009,1247000
Russia,RUS,2010,1196000
Russia,RUS,2011,1269000
Russia,RUS,2012,1351000
Russia,RUS,2013,1486000
Russia,RUS,2015,1670000
Rwanda,RWA,2006,37000
Rwanda,RWA,2007,43000
Rwanda,RWA,2008,62000
Rwanda,RWA,2009,61000
Rwanda,RWA,2010,62000
Rwanda,RWA,2011,73000
Rwanda,RWA,2012,74000
Rwanda,RWA,2013,76000
Rwanda,RWA,2014,80000
Rwanda,RWA,2015,81000
Rwanda,RWA,2016,85000
Rwanda,RWA,2017,88000
Rwanda,RWA,2018,92000
Rwanda,RWA,2019,90000
Rwanda,RWA,2020,27000
Rwanda,RWA,2021,30000
Saint Kitts and Nevis,KNA,1995,124000
Saint Kitts and Nevis,KNA,1996,88000
Saint Kitts and Nevis,KNA,1997,106000
Saint Kitts and Nevis,KNA,1998,157000
Saint Kitts and Nevis,KNA,1999,142000
Saint Kitts and Nevis,KNA,2000,174000
Saint Kitts and Nevis,KNA,2001,263000
Saint Kitts and Nevis,KNA,2002,171000
Saint Kitts and Nevis,KNA,2003,156000
Saint Kitts and Nevis,KNA,2004,265000
Saint Kitts and Nevis,KNA,2005,224000
Saint Kitts and Nevis,KNA,2006,211000
Saint Kitts and Nevis,KNA,2007,256000
Saint Kitts and Nevis,KNA,2008,405000
Saint Kitts and Nevis,KNA,2009,465000
Saint Kitts and Nevis,KNA,2010,526000
Saint Kitts and Nevis,KNA,2011,619000
Saint Kitts and Nevis,KNA,2012,562000
Saint Kitts and Nevis,KNA,2013,588000
Saint Kitts and Nevis,KNA,2014,704000
Saint Kitts and Nevis,KNA,2015,918000
Saint Kitts and Nevis,KNA,2016,939000
Saint Kitts and Nevis,KNA,2017,1078000
Saint Kitts and Nevis,KNA,2018,1152000
Saint Kitts and Nevis,KNA,2019,987000
Saint Kitts and Nevis,KNA,2020,271000
Saint Kitts and Nevis,KNA,2021,102400
Saint Lucia,LCA,1995,176000
Saint Lucia,LCA,1996,186000
Saint Lucia,LCA,1997,315000
Saint Lucia,LCA,1998,377000
Saint Lucia,LCA,1999,402000
Saint Lucia,LCA,2000,457000
Saint Lucia,LCA,2001,497000
Saint Lucia,LCA,2002,395000
Saint Lucia,LCA,2003,406000
Saint Lucia,LCA,2004,492000
Saint Lucia,LCA,2005,402000
Saint Lucia,LCA,2006,367000
Saint Lucia,LCA,2007,618000
Saint Lucia,LCA,2008,629000
Saint Lucia,LCA,2009,704000
Saint Lucia,LCA,2010,678000
Saint Lucia,LCA,2011,638000
Saint Lucia,LCA,2012,582000
Saint Lucia,LCA,2013,602000
Saint Lucia,LCA,2014,649000
Saint Lucia,LCA,2015,686000
Saint Lucia,LCA,2016,600000
Saint Lucia,LCA,2017,678000
Saint Lucia,LCA,2018,770000
Saint Lucia,LCA,2019,796000
Saint Lucia,LCA,2020,301800
Saint Lucia,LCA,2021,98000
Saint Vincent and the Grenadines,VCT,1995,158000
Saint Vincent and the Grenadines,VCT,1996,158000
Saint Vincent and the Grenadines,VCT,1997,135000
Saint Vincent and the Grenadines,VCT,1998,135000
Saint Vincent and the Grenadines,VCT,1999,155000
Saint Vincent and the Grenadines,VCT,2000,183000
Saint Vincent and the Grenadines,VCT,2001,183000
Saint Vincent and the Grenadines,VCT,2002,170000
Saint Vincent and the Grenadines,VCT,2003,163000
Saint Vincent and the Grenadines,VCT,2004,175000
Saint Vincent and the Grenadines,VCT,2005,161000
Saint Vincent and the Grenadines,VCT,2006,209000
Saint Vincent and the Grenadines,VCT,2007,238000
Saint Vincent and the Grenadines,VCT,2008,166000
Saint Vincent and the Grenadines,VCT,2009,196000
Saint Vincent and the Grenadines,VCT,2010,159000
Saint Vincent and the Grenadines,VCT,2011,134000
Saint Vincent and the Grenadines,VCT,2012,126000
Saint Vincent and the Grenadines,VCT,2013,128000
Saint Vincent and the Grenadines,VCT,2014,134000
Saint Vincent and the Grenadines,VCT,2015,131000
Saint Vincent and the Grenadines,VCT,2016,148000
Saint Vincent and the Grenadines,VCT,2017,227000
Saint Vincent and the Grenadines,VCT,2018,274700
Saint Vincent and the Grenadines,VCT,2019,315000
Saint Vincent and the Grenadines,VCT,2020,128000
Saint Vincent and the Grenadines,VCT,2021,32500
Samoa,WSM,2006,6000
Samoa,WSM,2007,5000
Samoa,WSM,2008,4000
Samoa,WSM,2009,7000
Samoa,WSM,2010,8000
Samoa,WSM,2011,7000
Samoa,WSM,2012,9000
Samoa,WSM,2013,9000
Samoa,WSM,2014,11400
Samoa,WSM,2015,11000
Samoa,WSM,2016,12000
Samoa,WSM,2017,11000
Samoa,WSM,2018,8000
Samoa,WSM,2019,8600
Samoa,WSM,2020,800
San Marino,SMR,2005,2057000
San Marino,SMR,2006,2086000
San Marino,SMR,2007,2095000
San Marino,SMR,2008,1997000
San Marino,SMR,2009,1905000
San Marino,SMR,2010,1856000
San Marino,SMR,2011,1882000
San Marino,SMR,2012,1730000
San Marino,SMR,2013,1834000
San Marino,SMR,2014,1929000
San Marino,SMR,2015,1834000
San Marino,SMR,2016,1940000
San Marino,SMR,2017,1859000
San Marino,SMR,2018,1790000
San Marino,SMR,2019,1793000
San Marino,SMR,2020,957000
San Marino,SMR,2021,1260000
Sao Tome and Principe,STP,2001,200
Saudi Arabia,SAU,2004,2484000
Saudi Arabia,SAU,2005,2380000
Saudi Arabia,SAU,2006,2342000
Saudi Arabia,SAU,2007,1948000
Saudi Arabia,SAU,2008,2960000
Saudi Arabia,SAU,2009,2422000
Saudi Arabia,SAU,2010,2175000
Saudi Arabia,SAU,2011,1597000
Saudi Arabia,SAU,2012,3515000
Saudi Arabia,SAU,2013,4162000
Saudi Arabia,SAU,2014,4750000
Saudi Arabia,SAU,2015,3840000
Saudi Arabia,SAU,2016,2843000
Saudi Arabia,SAU,2017,2498000
Saudi Arabia,SAU,2018,2236000
Saudi Arabia,SAU,2019,2767000
Saudi Arabia,SAU,2020,744000
Saudi Arabia,SAU,2021,392000
Senegal,SEN,1995,6000
Senegal,SEN,1996,6000
Senegal,SEN,1997,6000
Senegal,SEN,1998,13000
Senegal,SEN,1999,9000
Senegal,SEN,2000,11000
Senegal,SEN,2001,13000
Senegal,SEN,2002,7000
Senegal,SEN,2003,7000
Senegal,SEN,2004,10000
Senegal,SEN,2005,9000
Senegal,SEN,2006,10000
Senegal,SEN,2007,4000
Senegal,SEN,2008,10000
Senegal,SEN,2009,5000
Senegal,SEN,2010,6000
Senegal,SEN,2011,9000
Senegal,SEN,2012,5000
Senegal,SEN,2013,6000
Senegal,SEN,2014,13000
Senegal,SEN,2015,7700
Senegal,SEN,2016,9000
Senegal,SEN,2017,11000
Seychelles,SYC,1995,6000
Seychelles,SYC,1996,11000
Seychelles,SYC,1997,6000
Seychelles,SYC,1998,6000
Seychelles,SYC,1999,5000
Seychelles,SYC,2000,10000
Seychelles,SYC,2001,8000
Seychelles,SYC,2002,3000
Seychelles,SYC,2003,5000
Seychelles,SYC,2004,5000
Seychelles,SYC,2005,6000
Seychelles,SYC,2006,10000
Seychelles,SYC,2007,10000
Seychelles,SYC,2008,14000
Seychelles,SYC,2009,20000
Seychelles,SYC,2010,16000
Seychelles,SYC,2011,16000
Seychelles,SYC,2012,8000
Seychelles,SYC,2013,7000
Seychelles,SYC,2014,6000
Seychelles,SYC,2015,20000
Seychelles,SYC,2016,30000
Seychelles,SYC,2017,32000
Seychelles,SYC,2018,43000
Seychelles,SYC,2019,44000
Seychelles,SYC,2020,19600
Sierra Leone,SLE,2012,15000
Sierra Leone,SLE,2013,14000
Sierra Leone,SLE,2014,9000
Sierra Leone,SLE,2015,7000
Sierra Leone,SLE,2016,5000
Sierra Leone,SLE,2017,8000
Sierra Leone,SLE,2018,9000
Sierra Leone,SLE,2019,8000
Sierra Leone,SLE,2020,2000
Sierra Leone,SLE,2021,4000
Singapore,SGP,1995,1067000
Singapore,SGP,1996,1244000
Singapore,SGP,1997,1304000
Singapore,SGP,1998,1120000
Singapore,SGP,1999,1354000
Singapore,SGP,2000,1629000
Singapore,SGP,2001,1665000
Singapore,SGP,2002,1712000
Singapore,SGP,2003,1424000
Singapore,SGP,2004,1776000
Singapore,SGP,2005,1864000
Singapore,SGP,2006,2163000
Singapore,SGP,2007,2328000
Singapore,SGP,2008,2338000
Singapore,SGP,2009,2194000
Singapore,SGP,2010,2481000
Singapore,SGP,2011,2781000
Singapore,SGP,2012,3398000
Singapore,SGP,2013,3669000
Singapore,SGP,2014,3231000
Singapore,SGP,2015,3180000
Singapore,SGP,2016,3490000
Singapore,SGP,2017,3521000
Singapore,SGP,2018,3835000
Singapore,SGP,2019,3997000
Singapore,SGP,2020,657000
Singapore,SGP,2021,5000
Sint Maarten (Dutch part),SXM,1995,564000
Sint Maarten (Dutch part),SXM,1996,657000
Sint Maarten (Dutch part),SXM,1997,886000
Sint Maarten (Dutch part),SXM,1998,881000
Sint Maarten (Dutch part),SXM,1999,616000
Sint Maarten (Dutch part),SXM,2000,868000
Sint Maarten (Dutch part),SXM,2001,868000
Sint Maarten (Dutch part),SXM,2002,1055000
Sint Maarten (Dutch part),SXM,2003,1172000
Sint Maarten (Dutch part),SXM,2004,1348000
Sint Maarten (Dutch part),SXM,2005,1488000
Sint Maarten (Dutch part),SXM,2006,1422000
Sint Maarten (Dutch part),SXM,2007,1422000
Sint Maarten (Dutch part),SXM,2008,1346000
Sint Maarten (Dutch part),SXM,2009,1215000
Sint Maarten (Dutch part),SXM,2010,1513000
Sint Maarten (Dutch part),SXM,2011,1656000
Sint Maarten (Dutch part),SXM,2012,1753000
Sint Maarten (Dutch part),SXM,2013,1786000
Sint Maarten (Dutch part),SXM,2014,2002000
Sint Maarten (Dutch part),SXM,2015,1902000
Sint Maarten (Dutch part),SXM,2016,1669000
Sint Maarten (Dutch part),SXM,2017,1238000
Sint Maarten (Dutch part),SXM,2018,1597000
Sint Maarten (Dutch part),SXM,2019,1632000
Sint Maarten (Dutch part),SXM,2020,436000
Sint Maarten (Dutch part),SXM,2021,233000
Slovakia,SVK,2013,8292000
Slovakia,SVK,2014,7558000
Slovakia,SVK,2015,10067000
Slovakia,SVK,2016,11642000
Slovakia,SVK,2017,9860000
Slovakia,SVK,2018,9846000
Slovakia,SVK,2019,10456000
Solomon Islands,SLB,2005,1200
Solomon Islands,SLB,2006,1200
Solomon Islands,SLB,2007,1400
South Africa,ZAF,2009,2520000
South Africa,ZAF,2010,3229000
South Africa,ZAF,2011,3758000
South Africa,ZAF,2012,3881000
South Africa,ZAF,2013,4781000
South Africa,ZAF,2014,4980000
South Africa,ZAF,2015,5048000
South Africa,ZAF,2016,5077000
South Africa,ZAF,2017,4690000
South Africa,ZAF,2018,4532000
South Africa,ZAF,2019,4569000
South Africa,ZAF,2020,1084000
South Africa,ZAF,2021,408000
South Korea,KOR,2013,699000
South Korea,KOR,2014,955000
South Korea,KOR,2015,1046000
South Korea,KOR,2016,2258000
South Korea,KOR,2017,505000
South Korea,KOR,2018,218000
South Korea,KOR,2019,279000
South Korea,KOR,2020,3000
South Korea,KOR,2021,0
Spain,ESP,1995,19489000
Spain,ESP,1996,21050000
Spain,ESP,1997,22862000
Spain,ESP,1998,26176000
Spain,ESP,1999,26599000
Spain,ESP,2000,28177000
Spain,ESP,2001,26998000
Spain,ESP,2002,28983000
Spain,ESP,2003,31472000
Spain,ESP,2004,33551000
Spain,ESP,2005,36649000
Spain,ESP,2006,38148000
Spain,ESP,2007,40241000
Spain,ESP,2008,40478000
Spain,ESP,2009,39722000
Spain,ESP,2010,41067000
Spain,ESP,2011,43010000
Spain,ESP,2012,40664000
Spain,ESP,2013,42555000
Spain,ESP,2014,42206000
Spain,ESP,2015,41659000
Spain,ESP,2016,40246000
Spain,ESP,2017,39849000
Spain,ESP,2018,41647000
Spain,ESP,2019,42661000
Spain,ESP,2020,17477000
Spain,ESP,2021,20450000
Sri Lanka,LKA,1995,11000
Sri Lanka,LKA,1996,13000
Sri Lanka,LKA,1997,18000
Sri Lanka,LKA,1998,28000
Sri Lanka,LKA,1999,28000
Sri Lanka,LKA,2000,45000
Sri Lanka,LKA,2001,60000
Sri Lanka,LKA,2002,64000
Sri Lanka,LKA,2003,82000
Sri Lanka,LKA,2004,115000
Sri Lanka,LKA,2005,120000
Sri Lanka,LKA,2006,129000
Sri Lanka,LKA,2007,98000
Sri Lanka,LKA,2008,88000
Sri Lanka,LKA,2009,90000
Sri Lanka,LKA,2010,112000
Sri Lanka,LKA,2011,120000
Sri Lanka,LKA,2012,127000
Sri Lanka,LKA,2013,140000
Sri Lanka,LKA,2014,138000
Sri Lanka,LKA,2015,195000
Sri Lanka,LKA,2016,117000
Sri Lanka,LKA,2017,131400
Sri Lanka,LKA,2018,187000
Sri Lanka,LKA,2019,113000
Sri Lanka,LKA,2020,32000
Sri Lanka,LKA,2021,600
Suriname,SUR,1995,26000
Suriname,SUR,1996,21000
Suriname,SUR,1997,17000
Suriname,SUR,1998,15000
Suriname,SUR,1999,15000
Suriname,SUR,2000,15000
Suriname,SUR,2001,14000
Suriname,SUR,2003,17000
Suriname,SUR,2006,300
Suriname,SUR,2007,400
Suriname,SUR,2008,300
Suriname,SUR,2009,300
Suriname,SUR,2010,500
Suriname,SUR,2011,300
Suriname,SUR,2012,300
Suriname,SUR,2013,700
Suriname,SUR,2014,800
Suriname,SUR,2015,800
Suriname,SUR,2016,900
Suriname,SUR,2017,900
Sweden,SWE,2011,7838000
Sweden,SWE,2012,7639000
Sweden,SWE,2013,7823000
Sweden,SWE,2014,9423000
Syria,SYR,1995,10000
Syria,SYR,1996,9000
Syria,SYR,1997,10000
Syria,SYR,1998,11000
Syria,SYR,1999,1296000
Syria,SYR,2000,1312000
Syria,SYR,2001,1479000
Syria,SYR,2002,2017000
Syria,SYR,2003,2239000
Syria,SYR,2004,2935000
Syria,SYR,2005,2288000
Syria,SYR,2006,1451000
Syria,SYR,2007,1276000
Syria,SYR,2008,1521000
Syria,SYR,2009,1629000
Syria,SYR,2010,2424000
Syria,SYR,2011,1406000
Tajikistan,TJK,1999,2900
Tajikistan,TJK,2000,3900
Tajikistan,TJK,2001,1700
Tanzania,TZA,1995,10000
Tanzania,TZA,1996,11000
Tanzania,TZA,1997,13000
Tanzania,TZA,1998,32000
Tanzania,TZA,1999,63000
Tanzania,TZA,2000,42000
Tanzania,TZA,2001,24000
Tanzania,TZA,2002,25000
Tanzania,TZA,2003,24000
Tanzania,TZA,2004,17000
Tanzania,TZA,2005,23000
Tanzania,TZA,2006,22000
Tanzania,TZA,2007,27000
Tanzania,TZA,2008,20000
Tanzania,TZA,2009,19000
Tanzania,TZA,2010,29000
Tanzania,TZA,2011,25000
Tanzania,TZA,2012,34000
Tanzania,TZA,2013,33000
Tanzania,TZA,2014,27000
Tanzania,TZA,2015,33000
Tanzania,TZA,2016,51000
Tanzania,TZA,2017,52000
Tanzania,TZA,2018,128000
Tanzania,TZA,2019,84000
Tanzania,TZA,2020,29000
Tanzania,TZA,2021,104300
Thailand,THA,1996,189000
Thailand,THA,1997,236000
Thailand,THA,1998,361000
Thailand,THA,1999,500000
Thailand,THA,2000,517000
Thailand,THA,2001,618000
Togo,TGO,2013,2000
Togo,TGO,2014,860
Togo,TGO,2015,1000
Togo,TGO,2016,1000
Togo,TGO,2017,1000
Tonga,TON,1995,4000
Tonga,TON,1996,4000
Tonga,TON,1997,3000
Tonga,TON,1998,8000
Tonga,TON,1999,13000
Tonga,TON,2000,8000
Tonga,TON,2001,6000
Tonga,TON,2002,8000
Tonga,TON,2003,11000
Tonga,TON,2004,10000
Tonga,TON,2005,18000
Tonga,TON,2006,15000
Tonga,TON,2007,19000
Tonga,TON,2008,15000
Tonga,TON,2009,29000
Tonga,TON,2010,17900
Tonga,TON,2011,22400
Tonga,TON,2012,9800
Tonga,TON,2013,11500
Tonga,TON,2014,15400
Tonga,TON,2015,18800
Tonga,TON,2016,27500
Tonga,TON,2017,24100
Tonga,TON,2018,23300
Tonga,TON,2019,26700
Tonga,TON,2020,2500
Trinidad and Tobago,TTO,1995,22000
Trinidad and Tobago,TTO,1996,51000
Trinidad and Tobago,TTO,1997,36000
Trinidad and Tobago,TTO,1998,43000
Trinidad and Tobago,TTO,1999,63000
Trinidad and Tobago,TTO,2000,104000
Trinidad and Tobago,TTO,2001,85000
Trinidad and Tobago,TTO,2002,67000
Trinidad and Tobago,TTO,2003,65000
Trinidad and Tobago,TTO,2004,58000
Trinidad and Tobago,TTO,2005,66000
Trinidad and Tobago,TTO,2006,73000
Trinidad and Tobago,TTO,2007,82000
Trinidad and Tobago,TTO,2008,45000
Trinidad and Tobago,TTO,2009,115000
Trinidad and Tobago,TTO,2010,102000
Trinidad and Tobago,TTO,2011,60000
Trinidad and Tobago,TTO,2012,49000
Trinidad and Tobago,TTO,2013,33000
Trinidad and Tobago,TTO,2014,43000
Trinidad and Tobago,TTO,2015,79000
Trinidad and Tobago,TTO,2016,83000
Trinidad and Tobago,TTO,2017,70000
Trinidad and Tobago,TTO,2018,126000
Trinidad and Tobago,TTO,2019,91000
Trinidad and Tobago,TTO,2020,45600
Tunisia,TUN,1995,66000
Tunisia,TUN,1996,101000
Tunisia,TUN,1997,129000
Tunisia,TUN,1998,113000
Tunisia,TUN,1999,168000
Tunisia,TUN,2000,186000
Tunisia,TUN,2001,276000
Tunisia,TUN,2002,258000
Tunisia,TUN,2003,378000
Tunisia,TUN,2004,421000
Tunisia,TUN,2005,597000
Tunisia,TUN,2006,626000
Tunisia,TUN,2007,750000
Tunisia,TUN,2008,700000
Tunisia,TUN,2009,710000
Tunisia,TUN,2010,812000
Tunisia,TUN,2011,292000
Turkey,TUR,1995,644000
Turkey,TUR,1996,648000
Turkey,TUR,1997,649000
Turkey,TUR,1998,793000
Turkey,TUR,1999,594000
Turkey,TUR,2000,842000
Turkey,TUR,2001,836000
Turkey,TUR,2002,466000
Turkey,TUR,2003,689000
Turkey,TUR,2004,691000
Turkey,TUR,2005,852000
Turkey,TUR,2006,903000
Turkey,TUR,2007,1093000
Turkey,TUR,2008,1346000
Turkey,TUR,2009,1573000
Turkey,TUR,2010,1633000
Turkey,TUR,2011,2115000
Turkey,TUR,2012,2017000
Turkey,TUR,2013,2066000
Turkey,TUR,2014,1816000
Turkey,TUR,2015,1636000
Turkey,TUR,2016,618000
Turkey,TUR,2017,369000
Turkey,TUR,2018,345000
Turkey,TUR,2019,555000
Turkey,TUR,2020,77000
Turkey,TUR,2021,114000
Turkmenistan,TKM,1995,15000
Turkmenistan,TKM,1996,65000
Turkmenistan,TKM,1997,75000
Turkmenistan,TKM,1998,80000
Turks and Caicos Islands,TCA,2008,405000
Turks and Caicos Islands,TCA,2009,514000
Turks and Caicos Islands,TCA,2010,618000
Turks and Caicos Islands,TCA,2011,655600
Turks and Caicos Islands,TCA,2012,676600
Turks and Caicos Islands,TCA,2013,779000
Turks and Caicos Islands,TCA,2014,972000
Turks and Caicos Islands,TCA,2015,930000
Turks and Caicos Islands,TCA,2016,847000
Turks and Caicos Islands,TCA,2017,827000
Turks and Caicos Islands,TCA,2018,1022000
Turks and Caicos Islands,TCA,2019,1112000
Turks and Caicos Islands,TCA,2020,205900
Turks and Caicos Islands,TCA,2021,27000
Ukraine,UKR,1995,2411000
Ukraine,UKR,1996,2896000
Ukraine,UKR,1997,7185000
Ukraine,UKR,1998,5795000
Ukraine,UKR,1999,6758000
Ukraine,UKR,2000,5260000
Ukraine,UKR,2001,2703000
Ukraine,UKR,2002,2276000
Ukraine,UKR,2003,2647000
Ukraine,UKR,2004,2954000
Ukraine,UKR,2005,2858000
Ukraine,UKR,2006,2778000
Ukraine,UKR,2007,3040000
Ukraine,UKR,2008,3378000
Ukraine,UKR,2009,3235000
Ukraine,UKR,2010,2911000
Ukraine,UKR,2011,3120000
Ukraine,UKR,2012,2048000
Ukraine,UKR,2013,1354000
Ukraine,UKR,2014,516000
Ukraine,UKR,2015,597000
Ukraine,UKR,2016,401000
Ukraine,UKR,2017,349000
Ukraine,UKR,2018,238000
Ukraine,UKR,2019,273000
Ukraine,UKR,2020,241000
Ukraine,UKR,2021,299000
United Arab Emirates,ARE,2015,2471000
United Arab Emirates,ARE,2016,2751000
United Arab Emirates,ARE,2017,2637000
United Arab Emirates,ARE,2018,2878000
United Arab Emirates,ARE,2019,3721000
United Arab Emirates,ARE,2020,919000
United Arab Emirates,ARE,2021,1305000
United Kingdom,GBR,1995,1818000
United Kingdom,GBR,1996,2227000
United Kingdom,GBR,1997,2300000
United Kingdom,GBR,1998,2035000
United Kingdom,GBR,1999,2053000
United Kingdom,GBR,2000,1997000
United Kingdom,GBR,2001,1853000
United Kingdom,GBR,2002,1873000
United Kingdom,GBR,2003,1928000
United Kingdom,GBR,2004,2077000
United Kingdom,GBR,2005,1931000
United Kingdom,GBR,2006,2059000
United Kingdom,GBR,2007,1908000
United Kingdom,GBR,2008,1746000
United Kingdom,GBR,2009,1715000
United Kingdom,GBR,2010,1487000
United Kingdom,GBR,2011,1502000
United Kingdom,GBR,2012,1810000
United Kingdom,GBR,2013,1621000
United Kingdom,GBR,2014,1733000
United Kingdom,GBR,2015,1643000
United Kingdom,GBR,2016,1771000
United Kingdom,GBR,2017,1538000
United Kingdom,GBR,2018,1619000
United Kingdom,GBR,2019,1439000
United Kingdom,GBR,2020,387000
United Kingdom,GBR,2021,97000
United States,USA,1995,36414000
United States,USA,1996,36267000
United States,USA,1997,34758000
United States,USA,1998,28390000
United States,USA,1999,27107000
United States,USA,2000,27105000
United States,USA,2001,24048000
United States,USA,2002,20853000
United States,USA,2003,20864000
United States,USA,2004,21520000
United States,USA,2005,22278000
United States,USA,2006,132201000
United States,USA,2007,119164000
United States,USA,2008,117696000
United States,USA,2009,105405000
United States,USA,2010,102265000
United States,USA,2011,83794000
United States,USA,2012,104663000
United States,USA,2013,107667000
United States,USA,2014,102932000
United States,USA,2015,99091000
United States,USA,2016,98854000
United States,USA,2017,97105000
United States,USA,2018,89579000
United States,USA,2019,86036000
United States,USA,2020,25580000
United States,USA,2021,44493300
United States Virgin Islands,VIR,1995,1287000
United States Virgin Islands,VIR,1996,1406000
United States Virgin Islands,VIR,1997,1735000
United States Virgin Islands,VIR,1998,1717000
United States Virgin Islands,VIR,1999,1481000
United States Virgin Islands,VIR,2000,1850000
United States Virgin Islands,VIR,2001,1970000
United States Virgin Islands,VIR,2002,1817000
United States Virgin Islands,VIR,2003,1857000
United States Virgin Islands,VIR,2004,2057000
United States Virgin Islands,VIR,2005,2009000
United States Virgin Islands,VIR,2006,2000000
United States Virgin Islands,VIR,2007,2019000
United States Virgin Islands,VIR,2008,1861000
United States Virgin Islands,VIR,2009,1682000
United States Virgin Islands,VIR,2010,1959000
United States Virgin Islands,VIR,2011,2119000
United States Virgin Islands,VIR,2012,2021000
United States Virgin Islands,VIR,2013,2111000
United States Virgin Islands,VIR,2014,2199000
United States Virgin Islands,VIR,2015,2001000
United States Virgin Islands,VIR,2016,1906000
United States Virgin Islands,VIR,2017,1419000
United States Virgin Islands,VIR,2018,1541000
United States Virgin Islands,VIR,2019,1560000
United States Virgin Islands,VIR,2020,558500
United States Virgin Islands,VIR,2021,387600
Uruguay,URY,1995,155000
Uruguay,URY,1996,106000
Uruguay,URY,1997,147000
Uruguay,URY,1998,161000
Uruguay,URY,1999,200000
Uruguay,URY,2000,268000
Uruguay,URY,2001,245000
Uruguay,URY,2002,95000
Uruguay,URY,2003,88000
Uruguay,URY,2004,115000
Uruguay,URY,2005,109000
Uruguay,URY,2006,75000
Uruguay,URY,2007,62000
Uruguay,URY,2008,317000
Uruguay,URY,2009,248000
Uruguay,URY,2010,355000
Uruguay,URY,2011,387000
Uruguay,URY,2012,460000
Uruguay,URY,2013,559000
Uruguay,URY,2014,513000
Uruguay,URY,2015,513000
Uruguay,URY,2016,595000
Uruguay,URY,2017,545000
Uruguay,URY,2018,485000
Uruguay,URY,2019,421000
Vanuatu,VUT,1995,38000
Vanuatu,VUT,1996,57000
Vanuatu,VUT,1997,31000
Vanuatu,VUT,1998,26000
Vanuatu,VUT,1999,45000
Vanuatu,VUT,2000,48000
Vanuatu,VUT,2001,53000
Vanuatu,VUT,2002,50000
Vanuatu,VUT,2003,52000
Vanuatu,VUT,2004,38000
Vanuatu,VUT,2005,64000
Vanuatu,VUT,2006,86000
Vanuatu,VUT,2007,86000
Vanuatu,VUT,2008,106100
Vanuatu,VUT,2009,124800
Vanuatu,VUT,2010,140500
Vanuatu,VUT,2011,154900
Vanuatu,VUT,2012,213000
Vanuatu,VUT,2013,247000
Vanuatu,VUT,2014,220000
Vanuatu,VUT,2015,197000
Vanuatu,VUT,2016,256480.02
Vanuatu,VUT,2017,223600
Vanuatu,VUT,2018,234600
Vanuatu,VUT,2019,135400
Vanuatu,VUT,2020,60400
Venezuela,VEN,1995,179000
Venezuela,VEN,1996,201000
Venezuela,VEN,1997,119000
Venezuela,VEN,1998,128000
Venezuela,VEN,1999,115000
Venezuela,VEN,2000,133000
Venezuela,VEN,2001,208000
Venezuela,VEN,2002,158000
Venezuela,VEN,2003,98000
Venezuela,VEN,2004,132000
Venezuela,VEN,2005,140000
Venezuela,VEN,2006,135000
Venezuela,VEN,2007,142000
Venezuela,VEN,2008,3000
Venezuela,VEN,2009,5000
Venezuela,VEN,2010,9000
Venezuela,VEN,2011,30000
Venezuela,VEN,2012,73000
Venezuela,VEN,2013,99000
Venezuela,VEN,2014,110000
Venezuela,VEN,2015,93000
Venezuela,VEN,2016,80000
Venezuela,VEN,2017,2000
Vietnam,VNM,1996,632000
Vietnam,VNM,1997,602000
Vietnam,VNM,1998,542000
Vietnam,VNM,1999,571000
Vietnam,VNM,2000,757000
Vietnam,VNM,2001,731000
Vietnam,VNM,2002,309000
Vietnam,VNM,2003,241000
Vietnam,VNM,2004,263000
Vietnam,VNM,2005,200000
Vietnam,VNM,2006,224000
Vietnam,VNM,2007,225000
Vietnam,VNM,2008,152000
Vietnam,VNM,2009,66000
Vietnam,VNM,2010,50000
Vietnam,VNM,2011,46000
Vietnam,VNM,2013,371000
Vietnam,VNM,2014,386000
Vietnam,VNM,2015,389000
Yemen,YEM,2010,10000
Yemen,YEM,2011,346000
Yemen,YEM,2012,408000
Yemen,YEM,2013,333000
Yemen,YEM,2014,200000
Yemen,YEM,2015,31800
Zimbabwe,ZWE,1995,53000
Zimbabwe,ZWE,1996,20000
Zimbabwe,ZWE,1997,55000
Zimbabwe,ZWE,1998,104000
Zimbabwe,ZWE,1999,149000
Zimbabwe,ZWE,2000,99000
Zimbabwe,ZWE,2001,149000